threshold	seed	condition	mean_pearson	mean_spearman
c90	0	mrna_only	0.6597665782051282	0.6649973371666673
c90	0	mrna_t5u	0.7137619755128205	0.7130427887613336
c90	0	t5u_only	0.6608714008974359	0.6542566331732974
c90	1	mrna_only	0.6694215806410256	0.6680146903342534
c90	1	mrna_t5u	0.7342165665384616	0.729674530955383
c90	1	t5u_only	0.6770633705128205	0.6653892082937926
c90	2	mrna_only	0.6664253773076922	0.6701570359196352
c90	2	mrna_t5u	0.7195998806410256	0.7186897796479521
c90	2	t5u_only	0.6643605174358974	0.6612293269743417
c90	3	mrna_only	0.667791366923077	0.6697107453652089
c90	3	mrna_t5u	0.7306787735897436	0.7275688982877937
c90	3	t5u_only	0.6655132217948718	0.6607519731946723
c90	4	mrna_only	0.6488608879487179	0.6480789324043225
c90	4	mrna_t5u	0.722057537948718	0.7153177772282903
c90	4	t5u_only	0.6698189665384615	0.662691752273706
c90	5	mrna_only	0.6644320155128205	0.66936758431942
c90	5	mrna_t5u	0.7217160082051282	0.7229062379899973
c90	5	t5u_only	0.6581230028205128	0.6600018503554567
c90	6	mrna_only	0.6875817346153846	0.6875882456415272
c90	6	mrna_t5u	0.7331300039743589	0.7325861163562114
c90	6	t5u_only	0.6747856646153847	0.6672013170193414
c90	7	mrna_only	0.653998252051282	0.6510757213336223
c90	7	mrna_t5u	0.704313971025641	0.6968861214402886
c90	7	t5u_only	0.6524109482051282	0.6388669011929858
c90	8	mrna_only	0.6766111303846154	0.6759282005687147
c90	8	mrna_t5u	0.7346853293589743	0.7296471952124731
c90	8	t5u_only	0.6830714567948718	0.6708399292504159
c90	9	mrna_only	0.6694559032051283	0.6664559463349045
c90	9	mrna_t5u	0.7208212187179487	0.7191998674161264
c90	9	t5u_only	0.6657701796153846	0.6554905272779726
c70	0	mrna_only	0.6704874521794871	0.6667385533167237
c70	0	mrna_t5u	0.7277376992307693	0.723090647823248
c70	0	t5u_only	0.6694710852564102	0.6577430598890108
c70	1	mrna_only	0.6752383594871795	0.6749180170757864
c70	1	mrna_t5u	0.7203544906410256	0.7178494521130708
c70	1	t5u_only	0.6619554101282051	0.6574555485959477
c70	2	mrna_only	0.6446160082051282	0.6521831131160588
c70	2	mrna_t5u	0.7106275439743589	0.7111505090348826
c70	2	t5u_only	0.6486746774358974	0.643056068382229
c70	3	mrna_only	0.6703602060256411	0.6755299345754106
c70	3	mrna_t5u	0.7290740051282051	0.7332814521434609
c70	3	t5u_only	0.6681663401282051	0.6663476431437925
c70	4	mrna_only	0.6833711956410257	0.6838836521108151
c70	4	mrna_t5u	0.7392442629487179	0.7392764012159112
c70	4	t5u_only	0.6718319634615384	0.6659414001746709
c70	5	mrna_only	0.669263863974359	0.6701569055195815
c70	5	mrna_t5u	0.7290179946153845	0.7254637648130519
c70	5	t5u_only	0.6692862415384615	0.658070351085722
c70	6	mrna_only	0.6762142311538462	0.676532055216959
c70	6	mrna_t5u	0.7320984435897436	0.7277945088365919
c70	6	t5u_only	0.6710479767948717	0.662461323718274
c70	7	mrna_only	0.6622748312820513	0.6635582465684328
c70	7	mrna_t5u	0.7159758230769231	0.7145359963385517
c70	7	t5u_only	0.6545733821794872	0.6467555202138596
c70	8	mrna_only	0.676499613974359	0.6770657702486417
c70	8	mrna_t5u	0.7256922930769231	0.7220812813781244
c70	8	t5u_only	0.6640007278205129	0.6545288817898125
c70	9	mrna_only	0.6794323114102564	0.6792604842317774
c70	9	mrna_t5u	0.731085478974359	0.7260920249627363
c70	9	t5u_only	0.6840494323076923	0.6696354510732185
c50	0	mrna_only	0.6723398560256411	0.6744900664434998
c50	0	mrna_t5u	0.7304530164102564	0.7273960997655389
c50	0	t5u_only	0.6712573747435897	0.6661983212036561
c50	1	mrna_only	0.6650990515384615	0.6657931783179301
c50	1	mrna_t5u	0.7241178348717948	0.7187945836923884
c50	1	t5u_only	0.673475986923077	0.6657189965860216
c50	2	mrna_only	0.6681209288461538	0.6721088286908605
c50	2	mrna_t5u	0.7182995783333334	0.7182124330834628
c50	2	t5u_only	0.6613660991025642	0.6586407979085518
c50	3	mrna_only	0.6821386725641025	0.6850952660634153
c50	3	mrna_t5u	0.7367128728205129	0.7357092065864753
c50	3	t5u_only	0.6756086061538462	0.666588182916291
c50	4	mrna_only	0.6552056017948719	0.6589393765925191
c50	4	mrna_t5u	0.7236481024358975	0.722694070074255
c50	4	t5u_only	0.6681161353846153	0.6603145566497756
c50	5	mrna_only	0.6659069908974359	0.6698554648412823
c50	5	mrna_t5u	0.7245535673076923	0.7252333358881913
c50	5	t5u_only	0.665957525897436	0.6598263501033771
c50	6	mrna_only	0.6660019517948718	0.6686144029717621
c50	6	mrna_t5u	0.7285705816666667	0.7260174143729295
c50	6	t5u_only	0.6822616607692308	0.6739564273474384
c50	7	mrna_only	0.6736678188461539	0.6748991585174424
c50	7	mrna_t5u	0.7221208476923078	0.7243722396973471
c50	7	t5u_only	0.6668147435897436	0.6663889510438032
c50	8	mrna_only	0.6653582883333333	0.6678580165043991
c50	8	mrna_t5u	0.724376727051282	0.7231600721883066
c50	8	t5u_only	0.6572542357692307	0.6493640300534006
c50	9	mrna_only	0.6621076451282051	0.6629712273638475
c50	9	mrna_t5u	0.7193977612820512	0.7169510058143567
c50	9	t5u_only	0.6714434425641026	0.6630278853245253
