tissue	pearson	spearman	n_test
TE_108T	0.7044156	0.6868712235257519	1825
TE_12T	0.64898884	0.5980981408540477	1858
TE_A2780	0.6579336	0.6620093396006859	1856
TE_A549	0.6561182	0.6583983935767006	1933
TE_BJ	0.70258474	0.7195715827835127	1902
TE_BRx-142	0.54309773	0.5477876924213283	1721
TE_C643	0.5722544	0.5238730107583631	600
TE_CRL-1634	0.77643	0.7544321862533941	1966
TE_Calu-3	0.7542853	0.7646091711395836	1838
TE_Cybrid_Cells	0.69525313	0.6937787285374575	1884
TE_H1-hESC	0.7560992	0.7318938350397948	1963
TE_H1933	0.7047443	0.6758044083162397	1644
TE_H9-hESC	0.746754	0.7179937177743092	1895
TE_HAP-1	0.6524362	0.6466283755768879	1880
TE_HCC_tumor	0.6578447	0.6809371609898863	1835
TE_HCC_adjancent_normal	0.70800096	0.7127863760822797	1656
TE_HCT116	0.7374013	0.7035122691364253	1884
TE_HEK293	0.67965955	0.6574414298578276	1963
TE_HEK293T	0.7074722	0.6911707837823396	1968
TE_HMECs	0.7653617	0.7654481298428091	1868
TE_HSB2	0.53175384	0.5388268767330934	1619
TE_HSPCs	0.65018576	0.5950760789262183	1567
TE_HeLa	0.7210104	0.7093141522699727	1946
TE_HeLa_S3	0.7287545	0.7491239311279396	1857
TE_HepG2	0.50933516	0.49684876928080246	1873
TE_Huh-7.5	0.6246026	0.6418119618009361	1784
TE_Huh7	0.54937416	0.5511936194997332	1889
TE_K562	0.65737534	0.6136237638234717	1752
TE_Kidney_normal_tissue	0.68708205	0.6671457355391994	1872
TE_LCL	0.7408334	0.7198432339156122	1951
TE_LuCaP-PDX	0.70725787	0.7048260765905937	1969
TE_MCF10A	0.7119306	0.7111415226101401	1906
TE_MCF10A-ER-Src	0.7468455	0.7565622629119497	1850
TE_MCF7	0.7327174	0.711958060684745	1825
TE_MD55A3	0.6743997	0.6566743549349398	1842
TE_MDA-MB-231	0.73087096	0.7341103411207702	1939
TE_MM1.S	0.79185605	0.7933577593221547	1772
TE_MOLM-13	0.6606109	0.650420896648971	1766
TE_Molt-3	0.6906546	0.684877996387754	1710
TE_Mutu	0.63352287	0.5513022968075667	971
TE_OSCC	0.753817	0.7293350285254429	1835
TE_PANC1	0.6498107	0.5776600260990868	1106
TE_PATU-8902	0.65015787	0.6562362147895678	1558
TE_PC3	0.5751641	0.5740415438797087	1782
TE_PC9	0.72475255	0.7075973932672838	1797
TE_Primary_CD4+_T-cells	0.67803556	0.6420724984246005	1614
TE_Primary_human_bronchial_epithelial_cells	0.59988123	0.5371532445293832	1589
TE_RD-CCL-136	0.6154085	0.6326318901819364	1906
TE_RPE-1	0.673435	0.6534175034233319	1890
TE_SH-SY5Y	0.62310445	0.6078223699261935	1926
TE_SUM159PT	0.73054254	0.7232183485669004	1871
TE_SW480TetOnAPC	0.6189934	0.6310593783180282	1889
TE_T47D	0.7208911	0.7287587630935595	1842
TE_THP-1	0.48872864	0.48092174288581707	1701
TE_U-251	0.73141974	0.7130485320854387	1923
TE_U-343	0.75253445	0.7297470335467686	1878
TE_U2392	0.6671839	0.5620613024133917	1054
TE_U2OS	0.7032571	0.683749528524354	1932
TE_Vero_6	0.7475934	0.7452702645486328	1806
TE_WI38	0.6063803	0.6178313816569755	1866
TE_WM902B	0.58069766	0.56588919303039	1845
TE_WTC-11	0.55609286	0.5840248987879845	1957
TE_ZR75-1	0.7226248	0.703475752931604	1868
TE_cardiac_fibroblasts	0.6756764	0.6618915508922643	1919
TE_ccRCC	0.69435984	0.684948898770823	1967
TE_early_neurons	0.64808834	0.6626093184998979	1856
TE_fibroblast	0.55898494	0.5745624640544387	1902
TE_hESC	0.6419212	0.6504397977902188	1972
TE_human_brain_tumor	0.5566038	0.582248068011735	1751
TE_iPSC-differentiated_dopamine_neurons	0.6147337	0.6235431957315429	1983
TE_megakaryocytes	0.7358321	0.7318218238549464	1839
TE_muscle_tissue	0.5513234	0.5641836130200826	1865
TE_neuronal_precursor_cells	0.65215874	0.6682727360237883	1876
TE_neurons	0.6723212	0.68076309870985	1824
TE_normal_brain_tissue	0.50563705	0.5141204996246016	1830
TE_normal_prostate	0.7171598	0.7164498389290481	1967
TE_primary_macrophages	0.54185486	0.5736595819535626	776
TE_skeletal_muscle	0.56395286	0.5630298408336066	989
