tissue	pearson	spearman	n_test
TE_108T	0.67653924	0.6591220348203141	1802
TE_12T	0.6102339	0.5767384056291095	1836
TE_A2780	0.61258686	0.6226599638988306	1850
TE_A549	0.65902	0.6704175364074038	1929
TE_BJ	0.69205886	0.7149471805963008	1883
TE_BRx-142	0.47496885	0.4638202201481736	1751
TE_C643	0.4929258	0.448946495549004	569
TE_CRL-1634	0.76734835	0.7649198702383383	1969
TE_Calu-3	0.7321319	0.7516974948188494	1836
TE_Cybrid_Cells	0.66864014	0.6748282600688623	1882
TE_H1-hESC	0.75490826	0.736220603229754	1966
TE_H1933	0.698381	0.6710040273168391	1647
TE_H9-hESC	0.735975	0.7110161193950468	1900
TE_HAP-1	0.639863	0.6301257687919981	1858
TE_HCC_tumor	0.6601798	0.6815972980294454	1832
TE_HCC_adjancent_normal	0.70535684	0.7081324774672658	1635
TE_HCT116	0.7039276	0.6821062834369439	1891
TE_HEK293	0.66453904	0.6536464189310864	1957
TE_HEK293T	0.6917772	0.6814393783003315	1964
TE_HMECs	0.756599	0.7598544043090532	1854
TE_HSB2	0.5558246	0.5645941522351778	1578
TE_HSPCs	0.62623656	0.5727577701563265	1569
TE_HeLa	0.72313976	0.7207036770727824	1946
TE_HeLa_S3	0.7167801	0.7400443163092161	1857
TE_HepG2	0.43784246	0.4165667164368189	1877
TE_Huh-7.5	0.60903084	0.6324908921651852	1796
TE_Huh7	0.5472558	0.5613042248789272	1906
TE_K562	0.6289453	0.5954198079337588	1747
TE_Kidney_normal_tissue	0.65022033	0.6413022984348195	1857
TE_LCL	0.72065187	0.7151741719974559	1950
TE_LuCaP-PDX	0.7059163	0.7114543130406018	1966
TE_MCF10A	0.71876794	0.7189785161476757	1889
TE_MCF10A-ER-Src	0.7119355	0.7371420217527275	1837
TE_MCF7	0.71676624	0.7062266077751685	1819
TE_MD55A3	0.6334302	0.621291179410858	1800
TE_MDA-MB-231	0.7227638	0.7266605233721739	1922
TE_MM1.S	0.79265684	0.7975403323694973	1739
TE_MOLM-13	0.64036417	0.6383849463337242	1754
TE_Molt-3	0.68608904	0.7004707452925332	1683
TE_Mutu	0.6062347	0.512050976521199	953
TE_OSCC	0.72804826	0.7202785863634462	1831
TE_PANC1	0.5972132	0.5484397974556612	1084
TE_PATU-8902	0.63074857	0.6423406759667007	1545
TE_PC3	0.59198385	0.5892304463636402	1774
TE_PC9	0.7360501	0.7264951762336557	1791
TE_Primary_CD4+_T-cells	0.6658741	0.6362037606876577	1604
TE_Primary_human_bronchial_epithelial_cells	0.55001557	0.4947707873784197	1511
TE_RD-CCL-136	0.6029572	0.6147232923094404	1895
TE_RPE-1	0.6696006	0.662687871884948	1864
TE_SH-SY5Y	0.59528583	0.5873044120239865	1931
TE_SUM159PT	0.7055045	0.7081746563221293	1867
TE_SW480TetOnAPC	0.6000704	0.6164354199037354	1893
TE_T47D	0.7061205	0.7145848302737349	1850
TE_THP-1	0.4426154	0.4447282045226686	1691
TE_U-251	0.7080457	0.7032773281938786	1901
TE_U-343	0.7160385	0.7085876403825272	1862
TE_U2392	0.6355961	0.50787558347308	1021
TE_U2OS	0.7016451	0.6998666025435661	1920
TE_Vero_6	0.7366643	0.7502189723104029	1803
TE_WI38	0.5966138	0.6067654124583272	1866
TE_WM902B	0.57836217	0.5804751908750231	1818
TE_WTC-11	0.543841	0.5785696018805062	1952
TE_ZR75-1	0.7008047	0.681945036215477	1875
TE_cardiac_fibroblasts	0.64629626	0.6346966828698469	1909
TE_ccRCC	0.67768306	0.6822685691733537	1964
TE_early_neurons	0.6316545	0.6425005008651938	1832
TE_fibroblast	0.53701067	0.5583366820323052	1880
TE_hESC	0.60908556	0.6269006748098224	1963
TE_human_brain_tumor	0.5339231	0.5604454903298793	1734
TE_iPSC-differentiated_dopamine_neurons	0.58954734	0.5999282957209784	1983
TE_megakaryocytes	0.7094201	0.7144821739527047	1835
TE_muscle_tissue	0.48020315	0.502828769126531	1854
TE_neuronal_precursor_cells	0.63861614	0.6460788771661069	1851
TE_neurons	0.6621745	0.6657283814013386	1803
TE_normal_brain_tissue	0.48254114	0.49419063748886555	1804
TE_normal_prostate	0.7217165	0.7259076597789215	1958
TE_primary_macrophages	0.40575784	0.47422197652212145	698
TE_skeletal_muscle	0.5118259	0.5127732734953532	941
