threshold	tissue	n	mrna_only_pearson	mrna_t5u_pearson	pearson_difference	mrna_only_spearman	mrna_t5u_spearman	spearman_difference
c50	Adrenal	4065	0.4194810099310478	0.4641161347827966	0.04463512485174881	0.4341494383673137	0.4799785182987145	0.04582907993140084
c50	Appendices	3722	0.37736512881999007	0.41154580346529224	0.03418067464530217	0.3906261500486394	0.42806752218051625	0.03744137213187687
c50	Brain	4038	0.4388160717120193	0.4673311706230151	0.028515098910995795	0.4435669724487452	0.4742977902975928	0.03073081784884757
c50	Colon	3978	0.347960599683428	0.39083876371462933	0.042878164031201316	0.36043493693049516	0.4056092903458991	0.045174353415403934
c50	Duodenum	4104	0.4166936885489451	0.45395943016701634	0.037265741618071224	0.4313156361536327	0.4737758212635428	0.042460185109910065
c50	Endometrium	4039	0.404246105724575	0.44355941718945363	0.03931331146487865	0.4168101800800031	0.4563985483335775	0.039588368253574424
c50	Esophagus	3888	0.38423259807918353	0.4234379797982093	0.03920538171902577	0.39631237962173554	0.43629177903504707	0.03997939941331152
c50	Fallopiantube	4135	0.3836307745120602	0.42761525410996937	0.04398447959790919	0.4002067018195189	0.4467897305048272	0.04658302868530828
c50	Fat	3607	0.39513958574022845	0.4207165014118753	0.025576915671646827	0.40672575808960837	0.4324144769399473	0.02568871885033891
c50	Gallbladder	3888	0.418709902947872	0.4602120369947169	0.041502134046844885	0.43191056068181993	0.47058514189256256	0.03867458121074263
c50	Heart	3690	0.4040058630629924	0.43951908708414217	0.03551322402114976	0.4081060466867348	0.44184969603420887	0.03374364934747409
c50	Kidney	3774	0.40308939433012114	0.4437076439587124	0.040618249628591285	0.41152228092026355	0.45367877655662664	0.04215649563636309
c50	Liver	3816	0.381680795975399	0.41900578293074114	0.03732498695534214	0.38805932077646393	0.4259891989170311	0.03792987814056714
c50	Lung	4271	0.41929005910769446	0.4723339661480419	0.05304390704034745	0.4351532408653424	0.49032659494377506	0.05517335407843266
c50	Lymphnode	3803	0.4475235501691095	0.4791243662288704	0.031600816059760894	0.4655005340386427	0.49897233717046113	0.03347180313181841
c50	Ovary	3751	0.373643124809059	0.4123245782429857	0.038681453433926705	0.38887055545931265	0.42805637189102186	0.03918581643170921
c50	Pancreas	3676	0.40880354826654436	0.4348073458105782	0.02600379754403387	0.4180425659531338	0.4430963699697439	0.02505380401661006
c50	Placenta	3979	0.41516658236000037	0.4454764543318828	0.03030987197188245	0.4227687810941434	0.45532735207476255	0.03255857098061915
c50	Prostate	3961	0.4126682033433902	0.44996073438009365	0.037292531036703436	0.4224370500000789	0.4621848067888757	0.03974775678879677
c50	Rectum	3935	0.38100305729491435	0.41497255616455797	0.03396949886964362	0.39164290500053683	0.4268665793999776	0.03522367439944074
c50	Salivarygland	3919	0.4549733348373633	0.4916295140711202	0.036656179233756914	0.4659890561045099	0.5035047890590798	0.03751573295456989
c50	Smallintestine	4103	0.4277354259021229	0.46524656518729146	0.03751113928516858	0.43714600836173595	0.4804550580075228	0.04330904964578686
c50	Smoothmuscle	3903	0.41230736532878226	0.4475007321137577	0.03519336678497542	0.4200806540459843	0.45388054151752977	0.03379988747154544
c50	Spleen	3747	0.4557313999736829	0.4871385438121204	0.03140714383843751	0.4570903051601348	0.4898966359412987	0.03280633078116385
c50	Stomach	4058	0.43041328457144135	0.4714385860310541	0.04102530145961275	0.4409503106075731	0.48439380535650606	0.04344349474893294
c50	Testis	4103	0.43402543782017616	0.46514147446800075	0.031116036647824585	0.44527422098340963	0.48157752681919513	0.036303305835785504
c50	Thyroid	3882	0.41795541026453326	0.4607666651575769	0.04281125489304366	0.4270679470847817	0.4702597675778264	0.04319182049304471
c50	Tonsil	3894	0.41746482679218117	0.4580884153380391	0.04062358854585796	0.42471793344081765	0.46834047983772303	0.04362254639690538
c50	Urinarybladder	3852	0.4111541108299286	0.45267278282991186	0.04151867199998327	0.4250384200662495	0.46695295913043106	0.04191453906418158
c70	Adrenal	4065	0.4352321565414207	0.47342441051266826	0.038192253971247536	0.4477087335867816	0.4874565891704565	0.039747855583674885
c70	Appendices	3735	0.39357197049274184	0.4230598945393335	0.029487924046591674	0.4075556846072446	0.4401893344458393	0.03263364983859468
c70	Brain	4038	0.44343470147744624	0.4665229884776352	0.023088287000188945	0.4504748538135517	0.47580467331455	0.02532981950099833
c70	Colon	3970	0.3686796754674121	0.3991064491092552	0.030426773641843097	0.3789116856370738	0.41580539631875363	0.03689371068167985
c70	Duodenum	4102	0.42406289901851896	0.46350285196738367	0.03943995294886471	0.43929920245644655	0.4816241532381288	0.04232495078168225
c70	Endometrium	4041	0.413822186416381	0.449344033172374	0.03552184675599296	0.42711119279284515	0.4634562947238276	0.03634510193098245
c70	Esophagus	3894	0.4051852934133418	0.4402606454380957	0.03507535202475387	0.4153176231543244	0.45167057715832726	0.036352954004002846
c70	Fallopiantube	4141	0.3958737865932421	0.43233583294985867	0.03646204635661654	0.4112591678761306	0.4510531323303841	0.03979396445425348
c70	Fat	3611	0.4010596147369428	0.43192709695622705	0.03086748221928426	0.4111831458714235	0.4434623736660368	0.032279227794613286
c70	Gallbladder	3879	0.43671208786347826	0.47431737957630404	0.037605291712825784	0.4466634602724547	0.4844686803895736	0.0378052201171189
c70	Heart	3697	0.41767595594312057	0.44794767283865755	0.030271716895536982	0.42294655378693125	0.453174748462679	0.030228194675747777
c70	Kidney	3786	0.4200726255193401	0.44705801411239854	0.026985388593058435	0.4267216377374895	0.4557894685356514	0.029067830798161887
c70	Liver	3822	0.40259347531251766	0.42619230456248375	0.02359882924996609	0.40785141811939485	0.4318732928394726	0.024021874720077774
c70	Lung	4279	0.42523406395864266	0.470411732617754	0.045177668659111325	0.44485329905304327	0.4922905525479919	0.04743725349494865
c70	Lymphnode	3811	0.46453533180354784	0.4923706774605197	0.027835345656971877	0.48071386331904303	0.5115923405007333	0.03087847718169029
c70	Ovary	3757	0.39826512164262057	0.4297961801595593	0.031531058516938715	0.40976958134784064	0.4437201672162692	0.033950585868428584
c70	Pancreas	3685	0.42334151139168213	0.44753989058118643	0.024198379189504293	0.4339176865528245	0.4595744205688844	0.025656734016059946
c70	Placenta	3984	0.427827248259608	0.4561324785873405	0.028305230327732522	0.43552667068179696	0.46698416230923806	0.0314574916274411
c70	Prostate	3954	0.4151390301669449	0.44825977826728164	0.03312074810033672	0.4252348528094435	0.46094407797955234	0.03570922517010883
c70	Rectum	3932	0.3974629159275125	0.4255702078133538	0.028107291885841323	0.40652168549946627	0.4381576613141621	0.03163597581469585
c70	Salivarygland	3921	0.46598396004389087	0.502004013685426	0.036020053641535155	0.4774153764368985	0.5154537170293705	0.038038340592471964
c70	Smallintestine	4105	0.44248152688873793	0.477709375854156	0.035227848965418085	0.4543058027716715	0.4910366635436866	0.036730860772015095
c70	Smoothmuscle	3903	0.42458928209964614	0.45851662995665193	0.033927347857005796	0.43235939502072784	0.4666110612756086	0.03425166625488074
c70	Spleen	3759	0.46255685409721004	0.491113119407093	0.028556265309882978	0.4665570655961982	0.49605646622013194	0.029499400623933747
c70	Stomach	4062	0.4426323096603231	0.477845044236505	0.0352127345761819	0.45204498005970106	0.4911869074203173	0.039141927360616224
c70	Testis	4102	0.44301829852252345	0.4752642025009815	0.03224590397845806	0.4501785919098512	0.4905732987150059	0.04039470680515467
c70	Thyroid	3863	0.42712221106607295	0.4611282511801739	0.034006040114100966	0.43541505247012746	0.47081687727674837	0.03540182480662091
c70	Tonsil	3901	0.4316710829016662	0.4669495365872105	0.035278453685544275	0.43804587252429866	0.4762519476664096	0.03820607514211094
c70	Urinarybladder	3862	0.4323445940669651	0.4702994551840785	0.03795486111711338	0.44117644754518226	0.4845349333319492	0.04335848578676693
c90	Adrenal	4054	0.42989783451503555	0.4662302822031005	0.03633244768806493	0.4452075602894843	0.4838377397710981	0.03863017948161379
c90	Appendices	3719	0.38867617132919086	0.42188218552481715	0.0332060141956263	0.4009465746327748	0.43914284563409284	0.03819627100131806
c90	Brain	4024	0.4441800242338868	0.46930417064515345	0.025124146411266646	0.4508266927346123	0.47815629232928036	0.027329599594668075
c90	Colon	3979	0.36398475223396726	0.39128249844765	0.02729774621368275	0.37695043270246753	0.41038053146181996	0.03343009875935243
c90	Duodenum	4103	0.41817431666376087	0.459308660183492	0.04113434351973111	0.435963126015679	0.48321382627114584	0.04725070025546685
c90	Endometrium	4032	0.4080174380273062	0.4430779709259076	0.03506053289860139	0.4215555052631566	0.45877856315910875	0.03722305789595215
c90	Esophagus	3877	0.40324591231855494	0.42957868006569594	0.026332767747140995	0.41244514088819934	0.44353986955988006	0.031094728671680727
c90	Fallopiantube	4136	0.3898008989298994	0.4254662943703546	0.035665395440455216	0.40592969350967173	0.4463412888430772	0.04041159533340549
c90	Fat	3602	0.4070879667555134	0.4374001261048696	0.030312159349356216	0.41823983253952735	0.45181534670418866	0.03357551416466131
c90	Gallbladder	3893	0.4329706676395944	0.46964917157211705	0.036678503932522644	0.4461223381659584	0.48355007689935553	0.03742773873339711
c90	Heart	3690	0.4083356677983051	0.43661598466299495	0.028280316864689847	0.4169154774873652	0.4454907770289644	0.02857529954159921
c90	Kidney	3769	0.41436956618463594	0.448088569313943	0.033719003129307035	0.42235833672574064	0.45942004633098293	0.0370617096052423
c90	Liver	3814	0.39141644293240235	0.42600283827564184	0.034586395343239484	0.4014379159765416	0.43535746333303743	0.03391954735649583
c90	Lung	4262	0.42020445816308094	0.46618298330286617	0.04597852513978523	0.4377258226986445	0.4887109854749309	0.0509851627762864
c90	Lymphnode	3801	0.45864689885209	0.4874914494564455	0.028844550604355534	0.475384880598899	0.5077400559826097	0.032355175383710744
c90	Ovary	3761	0.37352301450991765	0.4089638686161365	0.03544085410621883	0.3899587387419584	0.4284277664261725	0.03846902768421406
c90	Pancreas	3680	0.4120995644357999	0.43460943939315605	0.022509874957356124	0.4231362864125453	0.4469543717648916	0.023818085352346308
c90	Placenta	3979	0.424504004682163	0.4555209505413448	0.0310169458591818	0.4336571544927379	0.466469268386481	0.03281211389374311
c90	Prostate	3952	0.4144625442145293	0.4495358487836153	0.03507330456908597	0.4261410872632231	0.4643901864070004	0.03824909914377733
c90	Rectum	3932	0.3923406698841035	0.4200339093368728	0.027693239452769303	0.40309037492206395	0.43624285723953254	0.03315248231746859
c90	Salivarygland	3909	0.45805451582553913	0.49543715742402994	0.03738264159849081	0.4718772706598068	0.5104064221957209	0.038529151535914075
c90	Smallintestine	4103	0.43704173792312984	0.4731629129113213	0.03612117498819145	0.4486399285615444	0.48951546819829556	0.04087553963675117
c90	Smoothmuscle	3896	0.41790007108093385	0.4477335000891655	0.02983342900823166	0.42691071445827844	0.4585364094947409	0.03162569503646245
c90	Spleen	3741	0.4555014367819739	0.4879431581856447	0.0324417214036708	0.4593214719808902	0.49519104993306406	0.03586957795217388
c90	Stomach	4064	0.4361628619433793	0.4733770031285825	0.03721414118520322	0.44504569074984623	0.4870095597580421	0.041963869008195875
c90	Testis	4094	0.43028382234262025	0.4639127547125098	0.033628932369889564	0.44317653912775656	0.48349387393502363	0.04031733480726707
c90	Thyroid	3862	0.4251306243393893	0.4639535036770753	0.03882287933768597	0.43474618269665843	0.47563138674391947	0.04088520404726104
c90	Tonsil	3885	0.421357859807953	0.4606596495999242	0.03930178979197124	0.42966782150246113	0.47356153511983706	0.04389371361737593
c90	Urinarybladder	3857	0.4282194453454889	0.46644664666160895	0.03822720131612006	0.4390186773232351	0.4814537524440181	0.04243507512078304
