tissue	tissue_label	condition	display_label	metric	n_seeds	mean	standard_deviation
TE_HEK293T	HEK293T	mrna_only	mRNA	spearman	10	0.7046299797218449	0.009738654062248006
TE_HEK293T	HEK293T	t5b_only	T5b	spearman	10	0.6814752657037548	0.01131490930959111
TE_HEK293T	HEK293T	t5u_only	T5u	spearman	10	0.6969394879938959	0.010922174698772881
TE_HEK293T	HEK293T	ank_only	ank	spearman	10	0.6406028749808799	0.011817743754347777
TE_HEK293T	HEK293T	ank3_only	ank3	spearman	10	0.6908448715930681	0.01138560880781485
TE_HEK293T	HEK293T	esm2_only	esm2	spearman	10	0.6805826153571035	0.01044385079068459
TE_HEK293T	HEK293T	esm2l_only	esm2L	spearman	10	0.6796655332409223	0.012277756029485673
TE_HEK293T	HEK293T	mrna_t5b	mRNA+T5b	spearman	10	0.7507557942133425	0.009933845392957124
TE_HEK293T	HEK293T	mrna_t5u	mRNA+T5u	spearman	10	0.7566171110824758	0.007765923750502685
TE_HEK293T	HEK293T	mrna_ank	mRNA+ank	spearman	10	0.737258337588589	0.009232180952548397
TE_HEK293T	HEK293T	mrna_ank3	mRNA+ank3	spearman	10	0.755691736479377	0.009104345583387581
TE_HEK293T	HEK293T	mrna_esm2	mRNA+esm2	spearman	10	0.7512592213481322	0.008477420981089572
TE_HEK293T	HEK293T	mrna_esm2l	mRNA+esm2L	spearman	10	0.7472864041483586	0.011310236521128059
TE_HEK293T	HEK293T	mrna_aacom	mRNA+aacomp	spearman	10	0.7081942695887253	0.008857657062133222
TE_HEK293T	HEK293T	mrna_dipep	mRNA+dipep	spearman	10	0.7104803152620263	0.009817673316961095
TE_HeLa	HeLa	mrna_only	mRNA	spearman	10	0.7467342418753707	0.007266214052806111
TE_HeLa	HeLa	t5b_only	T5b	spearman	10	0.7127896096960801	0.010831102747204774
TE_HeLa	HeLa	t5u_only	T5u	spearman	10	0.7254178989198818	0.009511254284911027
TE_HeLa	HeLa	ank_only	ank	spearman	10	0.6718503869174263	0.012857444173652017
TE_HeLa	HeLa	ank3_only	ank3	spearman	10	0.7242431951368558	0.007104422512172111
TE_HeLa	HeLa	esm2_only	esm2	spearman	10	0.7106167831995788	0.00876166030660223
TE_HeLa	HeLa	esm2l_only	esm2L	spearman	10	0.712000088535062	0.008940974793160332
TE_HeLa	HeLa	mrna_t5b	mRNA+T5b	spearman	10	0.7801185914665657	0.0067118921858457
TE_HeLa	HeLa	mrna_t5u	mRNA+T5u	spearman	10	0.7845997995635646	0.004977109171594218
TE_HeLa	HeLa	mrna_ank	mRNA+ank	spearman	10	0.7724134413124368	0.0047032946646049425
TE_HeLa	HeLa	mrna_ank3	mRNA+ank3	spearman	10	0.7865753924271826	0.005281548724704685
TE_HeLa	HeLa	mrna_esm2	mRNA+esm2	spearman	10	0.7822240826748235	0.004635047693509442
TE_HeLa	HeLa	mrna_esm2l	mRNA+esm2L	spearman	10	0.7805128821338921	0.006065571143028226
TE_HeLa	HeLa	mrna_aacom	mRNA+aacomp	spearman	10	0.7480871309189329	0.006706886665466937
TE_HeLa	HeLa	mrna_dipep	mRNA+dipep	spearman	10	0.7518448911907777	0.006726604366060483
TE_HepG2	HepG2	mrna_only	mRNA	spearman	10	0.4754938255420991	0.01388866197430032
TE_HepG2	HepG2	t5b_only	T5b	spearman	10	0.4203063547258089	0.01902911533062801
TE_HepG2	HepG2	t5u_only	T5u	spearman	10	0.4234906355277827	0.01939249721074731
TE_HepG2	HepG2	ank_only	ank	spearman	10	0.3823648575236049	0.013352860473640033
TE_HepG2	HepG2	ank3_only	ank3	spearman	10	0.4123968808394043	0.018300076638439043
TE_HepG2	HepG2	esm2_only	esm2	spearman	10	0.41284656300861516	0.01900169138881092
TE_HepG2	HepG2	esm2l_only	esm2L	spearman	10	0.41503585908548635	0.018193655957235294
TE_HepG2	HepG2	mrna_t5b	mRNA+T5b	spearman	10	0.5296845140393729	0.019056184173317284
TE_HepG2	HepG2	mrna_t5u	mRNA+T5u	spearman	10	0.5256318466429211	0.02068990215355958
TE_HepG2	HepG2	mrna_ank	mRNA+ank	spearman	10	0.5218466562966105	0.02079521369673814
TE_HepG2	HepG2	mrna_ank3	mRNA+ank3	spearman	10	0.5328572305473243	0.020042744628909183
TE_HepG2	HepG2	mrna_esm2	mRNA+esm2	spearman	10	0.5148914344139507	0.017044753973899505
TE_HepG2	HepG2	mrna_esm2l	mRNA+esm2L	spearman	10	0.5094537776024886	0.016735948660946156
TE_HepG2	HepG2	mrna_aacom	mRNA+aacomp	spearman	10	0.5012444298027288	0.02232990636669294
TE_HepG2	HepG2	mrna_dipep	mRNA+dipep	spearman	10	0.5045737459311443	0.015017590631133663
TE_muscle_tissue	muscle tissue	mrna_only	mRNA	spearman	10	0.49762673046952133	0.021482885814607906
TE_muscle_tissue	muscle tissue	t5b_only	T5b	spearman	10	0.5041956783721415	0.01335025897447281
TE_muscle_tissue	muscle tissue	t5u_only	T5u	spearman	10	0.5150747038841791	0.01265032541162662
TE_muscle_tissue	muscle tissue	ank_only	ank	spearman	10	0.4575102491154702	0.015021403844193615
TE_muscle_tissue	muscle tissue	ank3_only	ank3	spearman	10	0.49804958307998415	0.015766908615915662
TE_muscle_tissue	muscle tissue	esm2_only	esm2	spearman	10	0.5058089256675998	0.012952601254067933
TE_muscle_tissue	muscle tissue	esm2l_only	esm2L	spearman	10	0.5134358567897631	0.014036870722146362
TE_muscle_tissue	muscle tissue	mrna_t5b	mRNA+T5b	spearman	10	0.564425374979569	0.014404677104536112
TE_muscle_tissue	muscle tissue	mrna_t5u	mRNA+T5u	spearman	10	0.5658211413135956	0.016846549687778493
TE_muscle_tissue	muscle tissue	mrna_ank	mRNA+ank	spearman	10	0.5388918129096948	0.01953085176629073
TE_muscle_tissue	muscle tissue	mrna_ank3	mRNA+ank3	spearman	10	0.5506109157924869	0.02086784234254458
TE_muscle_tissue	muscle tissue	mrna_esm2	mRNA+esm2	spearman	10	0.5569526418384758	0.018566256964201874
TE_muscle_tissue	muscle tissue	mrna_esm2l	mRNA+esm2L	spearman	10	0.561609552147346	0.0186396326987459
TE_muscle_tissue	muscle tissue	mrna_aacom	mRNA+aacomp	spearman	10	0.5009510306450162	0.020637548416578482
TE_muscle_tissue	muscle tissue	mrna_dipep	mRNA+dipep	spearman	10	0.5009315555623866	0.024638068961657912
