tissue	tissue_label	condition	display_label	metric	n_seeds	mean	standard_deviation
TE_HEK293T	HEK293T	mrna_only	mRNA	pearson	10	0.707736876	0.008330335523380384
TE_HEK293T	HEK293T	t5b_only	T5b	pearson	10	0.6894131729999999	0.008885078994774257
TE_HEK293T	HEK293T	t5u_only	T5u	pearson	10	0.705428735	0.007589477896844716
TE_HEK293T	HEK293T	ank_only	ank	pearson	10	0.660862267	0.009807051161321585
TE_HEK293T	HEK293T	ank3_only	ank3	pearson	10	0.7043296019999999	0.00869973428054724
TE_HEK293T	HEK293T	esm2_only	esm2	pearson	10	0.6866485930000001	0.008475162063015608
TE_HEK293T	HEK293T	esm2l_only	esm2L	pearson	10	0.684525833	0.009958326520627019
TE_HEK293T	HEK293T	mrna_t5b	mRNA+T5b	pearson	10	0.7528003530000001	0.005721763663256002
TE_HEK293T	HEK293T	mrna_t5u	mRNA+T5u	pearson	10	0.760207644	0.0069018799311092605
TE_HEK293T	HEK293T	mrna_ank	mRNA+ank	pearson	10	0.7376110739999999	0.005942111554529338
TE_HEK293T	HEK293T	mrna_ank3	mRNA+ank3	pearson	10	0.7571849519999999	0.008249303001677435
TE_HEK293T	HEK293T	mrna_esm2	mRNA+esm2	pearson	10	0.7516951319999999	0.0076679471450010125
TE_HEK293T	HEK293T	mrna_esm2l	mRNA+esm2L	pearson	10	0.749916469	0.008202154550155232
TE_HEK293T	HEK293T	mrna_aacom	mRNA+aacomp	pearson	10	0.712855174	0.009139445487822044
TE_HEK293T	HEK293T	mrna_dipep	mRNA+dipep	pearson	10	0.7121152089999999	0.0068578877619269885
TE_HeLa	HeLa	mrna_only	mRNA	pearson	10	0.74740535	0.00448003281088926
TE_HeLa	HeLa	t5b_only	T5b	pearson	10	0.7204488920000001	0.00989904675748777
TE_HeLa	HeLa	t5u_only	T5u	pearson	10	0.731101969	0.010291473480905807
TE_HeLa	HeLa	ank_only	ank	pearson	10	0.691694429	0.011001022748399807
TE_HeLa	HeLa	ank3_only	ank3	pearson	10	0.731421122	0.00955937178698567
TE_HeLa	HeLa	esm2_only	esm2	pearson	10	0.71605806	0.008630467202161063
TE_HeLa	HeLa	esm2l_only	esm2L	pearson	10	0.7139098850000001	0.011939920333832727
TE_HeLa	HeLa	mrna_t5b	mRNA+T5b	pearson	10	0.7826660169999999	0.00487922606083076
TE_HeLa	HeLa	mrna_t5u	mRNA+T5u	pearson	10	0.785167401	0.007151366745952921
TE_HeLa	HeLa	mrna_ank	mRNA+ank	pearson	10	0.770364861	0.006458846183750107
TE_HeLa	HeLa	mrna_ank3	mRNA+ank3	pearson	10	0.786884033	0.007327459594023391
TE_HeLa	HeLa	mrna_esm2	mRNA+esm2	pearson	10	0.780009822	0.007033868436369215
TE_HeLa	HeLa	mrna_esm2l	mRNA+esm2L	pearson	10	0.77923494	0.007739379074197969
TE_HeLa	HeLa	mrna_aacom	mRNA+aacomp	pearson	10	0.752768497	0.006747274753704566
TE_HeLa	HeLa	mrna_dipep	mRNA+dipep	pearson	10	0.753876946	0.004709849233869625
TE_HepG2	HepG2	mrna_only	mRNA	pearson	10	0.501221552	0.019476009804941404
TE_HepG2	HepG2	t5b_only	T5b	pearson	10	0.45335728599999997	0.024481606188737876
TE_HepG2	HepG2	t5u_only	T5u	pearson	10	0.455760129	0.027522865112478333
TE_HepG2	HepG2	ank_only	ank	pearson	10	0.419206272	0.02453570063976654
TE_HepG2	HepG2	ank3_only	ank3	pearson	10	0.44388788100000004	0.02792683861451499
TE_HepG2	HepG2	esm2_only	esm2	pearson	10	0.44350586200000003	0.026214405184243342
TE_HepG2	HepG2	esm2l_only	esm2L	pearson	10	0.437726202	0.026715287483562153
TE_HepG2	HepG2	mrna_t5b	mRNA+T5b	pearson	10	0.552534929	0.018456210819882392
TE_HepG2	HepG2	mrna_t5u	mRNA+T5u	pearson	10	0.5523188370000001	0.02248098877208478
TE_HepG2	HepG2	mrna_ank	mRNA+ank	pearson	10	0.541770162	0.014180760319147445
TE_HepG2	HepG2	mrna_ank3	mRNA+ank3	pearson	10	0.554408911	0.014737353803080302
TE_HepG2	HepG2	mrna_esm2	mRNA+esm2	pearson	10	0.5447812489999999	0.018146954286681238
TE_HepG2	HepG2	mrna_esm2l	mRNA+esm2L	pearson	10	0.538730026	0.014161183731520156
TE_HepG2	HepG2	mrna_aacom	mRNA+aacomp	pearson	10	0.5328010670000001	0.015003833132255109
TE_HepG2	HepG2	mrna_dipep	mRNA+dipep	pearson	10	0.534199249	0.01805612252089914
TE_muscle_tissue	muscle tissue	mrna_only	mRNA	pearson	10	0.49146105699999987	0.014095789940155918
TE_muscle_tissue	muscle tissue	t5b_only	T5b	pearson	10	0.509657157	0.020577931023671423
TE_muscle_tissue	muscle tissue	t5u_only	T5u	pearson	10	0.521937102	0.022249426711843767
TE_muscle_tissue	muscle tissue	ank_only	ank	pearson	10	0.4689148550000001	0.023304276686188487
TE_muscle_tissue	muscle tissue	ank3_only	ank3	pearson	10	0.505237374	0.023684822454213716
TE_muscle_tissue	muscle tissue	esm2_only	esm2	pearson	10	0.5027718199999999	0.019904177704912443
TE_muscle_tissue	muscle tissue	esm2l_only	esm2L	pearson	10	0.506215343	0.022906319584773023
TE_muscle_tissue	muscle tissue	mrna_t5b	mRNA+T5b	pearson	10	0.554799926	0.01880815293555028
TE_muscle_tissue	muscle tissue	mrna_t5u	mRNA+T5u	pearson	10	0.5587398469999999	0.018253451568964543
TE_muscle_tissue	muscle tissue	mrna_ank	mRNA+ank	pearson	10	0.5316333759999999	0.01426625874717078
TE_muscle_tissue	muscle tissue	mrna_ank3	mRNA+ank3	pearson	10	0.5487529099999999	0.01597786657682084
TE_muscle_tissue	muscle tissue	mrna_esm2	mRNA+esm2	pearson	10	0.548454337	0.01427720765142979
TE_muscle_tissue	muscle tissue	mrna_esm2l	mRNA+esm2L	pearson	10	0.552706807	0.016001475258640686
TE_muscle_tissue	muscle tissue	mrna_aacom	mRNA+aacomp	pearson	10	0.500756826	0.017027881835846106
TE_muscle_tissue	muscle tissue	mrna_dipep	mRNA+dipep	pearson	10	0.49801797700000006	0.010640806620593557
