threshold	tissue	metric	mrna_only_mean	mrna_t5u_mean	mean_difference	t5u_better_seeds	paired_t_pvalue	wilcoxon_pvalue	paired_t_holm_pvalue
c90	TE_108T	pearson	0.680927732	0.764581959	0.08365422699999998	10	7.167006553085227e-12	0.001953125	5.518595045875625e-10
c90	TE_108T	spearman	0.6797507419077059	0.7575904455530579	0.07783970364535198	10	1.0619010930782349e-10	0.001953125	7.858068088778938e-09
c90	TE_12T	pearson	0.599314047	0.683346706	0.08403265900000004	10	1.4171383459545744e-09	0.001953125	7.510833233559244e-08
c90	TE_12T	spearman	0.5879681131965955	0.6653306161374424	0.07736250294084687	10	1.2106071349189326e-08	0.001953125	6.29515710157845e-07
c90	TE_A2780	pearson	0.666524568	0.707182261	0.04065769299999998	10	1.8110776954846995e-07	0.001953125	2.897724312775519e-06
c90	TE_A2780	spearman	0.6726190803092805	0.7093031623907522	0.036684082081471656	10	1.5988467062707027e-07	0.001953125	3.8441513802306325e-06
c90	TE_A549	pearson	0.7075851529999999	0.737065531	0.029480377999999995	10	4.463587449282957e-08	0.001953125	1.1903030126993822e-06
c90	TE_A549	spearman	0.7217106879986369	0.751549903588989	0.02983921559035201	10	1.5719401112470218e-06	0.001953125	1.8863281334964262e-05
c90	TE_BJ	pearson	0.7022924190000001	0.756953318	0.054660899	10	8.223538051189881e-08	0.001953125	1.5624722297260775e-06
c90	TE_BJ	spearman	0.7124016777133323	0.7690587999422538	0.05665712222892152	10	5.7946684028966496e-08	0.001953125	2.14402730907176e-06
c90	TE_BRx-142	pearson	0.436767682	0.5539155179999999	0.11714783600000003	10	2.907412811748294e-09	0.001953125	1.3083357652867325e-07
c90	TE_BRx-142	spearman	0.4255809737764048	0.5532781973193645	0.12769722354295962	10	1.951324222139297e-09	0.001953125	1.2293342599477573e-07
c90	TE_C643	pearson	0.30918213699999997	0.584725683	0.27554354600000003	10	1.4006025258553447e-08	0.001953125	4.762048587908172e-07
c90	TE_C643	spearman	0.32951970297235433	0.5426633123041122	0.21314360933175786	10	1.0427848243922171e-07	0.001953125	2.919797508298208e-06
c90	TE_CRL-1634	pearson	0.784032634	0.813842412	0.029809778	10	7.101272583345194e-09	0.001953125	2.9115217591715294e-07
c90	TE_CRL-1634	spearman	0.7829880733781166	0.8098030572484707	0.02681498387035409	10	5.477425427268981e-07	0.001953125	8.763880683630369e-06
c90	TE_Calu-3	pearson	0.6803572040000001	0.789891607	0.10953440299999999	10	2.2157015782411566e-12	0.001953125	1.7282472310281022e-10
c90	TE_Calu-3	spearman	0.6883693167742252	0.7989505156815242	0.11058119890729903	10	4.200647963161158e-12	0.001953125	3.2765054112657034e-10
c90	TE_Cybrid_Cells	pearson	0.666513433	0.7579244669999999	0.09141103399999999	10	5.788518810009232e-10	0.001953125	3.357340909805355e-08
c90	TE_Cybrid_Cells	spearman	0.6628222531394762	0.7607916539210156	0.09796940078153929	10	4.462871730573646e-10	0.001953125	3.079381494095816e-08
c90	TE_H1-hESC	pearson	0.7290783430000001	0.7890126399999999	0.059934297000000004	10	4.5152622224002284e-10	0.001953125	2.709157333440137e-08
c90	TE_H1-hESC	spearman	0.7132664992290948	0.7734594768561749	0.06019297762708011	10	1.2721405739090961e-08	0.001953125	6.487916926936391e-07
c90	TE_H1933	pearson	0.69076262	0.753826484	0.06306386400000001	10	7.437422035594511e-09	0.001953125	2.9749688142378046e-07
c90	TE_H1933	spearman	0.6976356498711465	0.7456591483770485	0.048023498505902165	10	6.688973053915976e-08	0.001953125	2.3126092791895524e-06
c90	TE_H9-hESC	pearson	0.711556569	0.780881775	0.06932520600000001	10	1.94093132311281e-10	0.001953125	1.3004239864855828e-08
c90	TE_H9-hESC	spearman	0.6942877722279608	0.7655912512793235	0.07130347905136272	10	5.0120012554339124e-09	0.001953125	2.8568407155973303e-07
c90	TE_HAP-1	pearson	0.693344349	0.747221076	0.05387672700000001	10	3.779556560549396e-08	0.001953125	1.0960714025593249e-06
c90	TE_HAP-1	spearman	0.6985879273677087	0.7499633260027178	0.05137539863500902	10	1.4237597704557898e-07	0.001953125	3.8441513802306325e-06
c90	TE_HCC_tumor	pearson	0.702218396	0.7481505690000001	0.045932173	10	3.0061631203744367e-09	0.001953125	1.322711772964752e-07
c90	TE_HCC_tumor	spearman	0.7105551875775508	0.7563199474443807	0.04576475986682989	10	6.173117195149952e-10	0.001953125	4.1977196927019674e-08
c90	TE_HCC_adjancent_normal	pearson	0.713613911	0.774668633	0.061054722000000027	10	4.0792698901533185e-11	0.001953125	3.0594524176149887e-09
c90	TE_HCC_adjancent_normal	spearman	0.7090212855023557	0.7715984444044429	0.0625771589020873	10	2.6470133380749652e-11	0.001953125	2.0382002703177234e-09
c90	TE_HCT116	pearson	0.688631427	0.760953442	0.07232201499999999	10	7.601879723666674e-11	0.001953125	5.321315806566672e-09
c90	TE_HCT116	spearman	0.6802897496676416	0.7419288912356261	0.0616391415679846	10	8.931973190387174e-10	0.001953125	5.805782573751663e-08
c90	TE_HEK293	pearson	0.674272045	0.738886825	0.06461477999999996	10	2.6155244037425213e-10	0.001953125	1.6477803743577885e-08
c90	TE_HEK293	spearman	0.6744446526517646	0.732841244095856	0.05839659144409154	10	2.461606668170259e-09	0.001953125	1.4769640009021554e-07
c90	TE_HEK293T	pearson	0.704107471	0.76059361	0.056486139000000005	10	8.682383373266625e-10	0.001953125	4.775310855296644e-08
c90	TE_HEK293T	spearman	0.7057596545811574	0.7568701482151667	0.05111049363400928	10	1.033619652980319e-08	0.001953125	5.478184160795691e-07
c90	TE_HMECs	pearson	0.8325013520000001	0.860002179	0.027500827000000005	10	4.191623955408053e-08	0.001953125	1.1736547075142549e-06
c90	TE_HMECs	spearman	0.8447872173050793	0.868859514381134	0.024072297076054617	10	6.0899528134427e-08	0.001953125	2.192383012839372e-06
c90	TE_HSB2	pearson	0.59846451	0.625100182	0.02663567199999998	10	0.00017584015239526925	0.001953125	0.00017584015239526925
c90	TE_HSB2	spearman	0.6120409676627587	0.6378855373654141	0.025844569702655418	10	0.00031829149356164675	0.001953125	0.0006683573805879033
c90	TE_HSPCs	pearson	0.594252525	0.680836574	0.08658404900000001	10	2.0671778713982513e-09	0.001953125	1.0129171569851431e-07
c90	TE_HSPCs	spearman	0.5778354572214033	0.6432478323745421	0.06541237515313884	10	7.209693049808462e-08	0.001953125	2.3126092791895524e-06
c90	TE_HeLa	pearson	0.750304405	0.7871878019999999	0.036883397000000005	10	4.527017742309684e-08	0.001953125	1.1903030126993822e-06
c90	TE_HeLa	spearman	0.75257413651429	0.7886812815385587	0.03610714502426869	10	1.4521384118587915e-07	0.001953125	3.8441513802306325e-06
c90	TE_HeLa_S3	pearson	0.762253593	0.788596514	0.02634292100000002	10	2.373329208281969e-06	0.001953125	1.3771986739136142e-05
c90	TE_HeLa_S3	spearman	0.7826107474173323	0.8085511743073728	0.02594042689004058	10	3.854428722612849e-07	0.001953125	7.323414572964414e-06
c90	TE_HepG2	pearson	0.48638613199999997	0.5421632169999999	0.05577708499999998	10	2.0606555359768956e-06	0.001953125	1.3771986739136142e-05
c90	TE_HepG2	spearman	0.4696242706854064	0.5244926128530925	0.05486834216768607	10	4.152161739557128e-06	0.001953125	2.509758147606588e-05
c90	TE_Huh-7.5	pearson	0.656246882	0.6950004790000001	0.038753597000000015	10	6.478914701482107e-08	0.001953125	1.3605720873112425e-06
c90	TE_Huh-7.5	spearman	0.6661378691316246	0.7064407785599791	0.04030290942835445	10	7.889752389748416e-08	0.001953125	2.3126092791895524e-06
c90	TE_Huh7	pearson	0.563017483	0.652123367	0.089105884	10	1.4775936348574242e-10	0.001953125	1.0047636717030484e-08
c90	TE_Huh7	spearman	0.5694169159971997	0.6532263604806016	0.08380944448340184	10	8.517994498443669e-10	0.001953125	5.621876368972822e-08
c90	TE_K562	pearson	0.627405813	0.697042569	0.06963675600000002	10	1.4639992505325592e-09	0.001953125	7.612796102769308e-08
c90	TE_K562	spearman	0.6281466349529962	0.6810912650954937	0.052944630142497465	10	4.587591826616142e-08	0.001953125	1.8350367306464569e-06
c90	TE_Kidney_normal_tissue	pearson	0.5486390400000001	0.6817010189999999	0.13306197899999997	10	6.517574987706989e-11	0.001953125	4.627478241271962e-09
c90	TE_Kidney_normal_tissue	spearman	0.5408724473409872	0.6706970506258249	0.12982460328483772	10	3.6125323873224856e-11	0.001953125	2.745524614365089e-09
c90	TE_LCL	pearson	0.740529719	0.7797821810000001	0.03925246200000002	10	2.1504444143092883e-10	0.001953125	1.3977888693010374e-08
c90	TE_LCL	spearman	0.7363863448149346	0.7764515741660516	0.04006522935111708	10	1.3974362748754468e-08	0.001953125	6.987181374377235e-07
c90	TE_LuCaP-PDX	pearson	0.737430592	0.7736741979999999	0.03624360600000002	10	1.0054443134480378e-08	0.001953125	3.8206883911025436e-07
c90	TE_LuCaP-PDX	spearman	0.7417360286186687	0.7788631734634351	0.037127144844766403	10	1.195137420725642e-09	0.001953125	7.648879492644109e-08
c90	TE_MCF10A	pearson	0.697543326	0.752641901	0.055098575000000004	10	2.5728873058329243e-10	0.001953125	1.6466478757330716e-08
c90	TE_MCF10A	spearman	0.6948915454184732	0.755861352266914	0.06096980684844087	10	2.237884814733579e-09	0.001953125	1.3651097369874832e-07
c90	TE_MCF10A-ER-Src	pearson	0.689389376	0.779769324	0.09037994799999997	10	3.758061391490459e-10	0.001953125	2.29241744880918e-08
c90	TE_MCF10A-ER-Src	spearman	0.6891333567820942	0.7894773615393753	0.10034400475728118	10	1.3711929095990627e-10	0.001953125	9.872588949113251e-09
c90	TE_MCF7	pearson	0.6935408869999999	0.762238556	0.068697669	10	1.638191466157469e-09	0.001953125	8.354776477403092e-08
c90	TE_MCF7	spearman	0.6924790791519609	0.7554296026570583	0.0629505235050973	10	2.0590709486686714e-08	0.001953125	9.883540553609623e-07
c90	TE_MD55A3	pearson	0.67230124	0.744029399	0.071728159	10	2.117387428084168e-11	0.001953125	1.6092144453439677e-09
c90	TE_MD55A3	spearman	0.671857724860775	0.7389593548825744	0.06710163002179934	10	9.032754095833349e-11	0.001953125	6.774565571875011e-09
c90	TE_MDA-MB-231	pearson	0.785554447	0.831074213	0.045519766	10	3.227406111785742e-09	0.001953125	1.387784628067869e-07
c90	TE_MDA-MB-231	spearman	0.7974088981078814	0.8413318061996818	0.04392290809180045	10	6.991255360571798e-08	0.001953125	2.3126092791895524e-06
c90	TE_MM1.S	pearson	0.771826204	0.8074551489999999	0.03562894500000001	10	2.5798531771429645e-09	0.001953125	1.1867324614857637e-07
c90	TE_MM1.S	spearman	0.7809339890620742	0.8154906554045043	0.03455666634243004	10	2.8006641022567034e-08	0.001953125	1.2042855639703824e-06
c90	TE_MOLM-13	pearson	0.6762865450000001	0.718842682	0.04255613699999998	10	8.000764291183439e-10	0.001953125	4.4804280030627254e-08
c90	TE_MOLM-13	spearman	0.6823671961029566	0.7224630629400449	0.0400958668370884	10	1.5477371483251794e-08	0.001953125	7.583912026793379e-07
c90	TE_Molt-3	pearson	0.696584722	0.731967257	0.035382535000000034	10	1.5750214320488336e-06	0.001953125	1.323156631874025e-05
c90	TE_Molt-3	spearman	0.7041144135834441	0.7395592977209449	0.03544488413750082	10	1.6122460593548655e-05	0.001953125	8.061230296774328e-05
c90	TE_Mutu	pearson	0.439180241	0.653480643	0.21430040199999997	10	5.23713047373856e-11	0.001953125	3.875476550566534e-09
c90	TE_Mutu	spearman	0.42590314982461813	0.5735323044304056	0.14762915460578746	10	3.868802768810746e-09	0.001953125	2.2825936335983402e-07
c90	TE_OSCC	pearson	0.770978824	0.805898529	0.03491970499999999	10	7.837829262897246e-09	0.001953125	3.056753412529926e-07
c90	TE_OSCC	spearman	0.7696532201738464	0.802405628405752	0.03275240823190578	10	2.3142255458910508e-08	0.001953125	1.060217797767438e-06
c90	TE_PANC1	pearson	0.53380732	0.663680844	0.129873524	10	5.6368154174255886e-11	0.001953125	4.058507100546424e-09
c90	TE_PANC1	spearman	0.5161087664229923	0.6123584164875064	0.09624965006451416	10	3.341648082112383e-08	0.001953125	1.403492194487201e-06
c90	TE_PATU-8902	pearson	0.682962889	0.721082355	0.03811946600000001	10	3.5018069254212935e-07	0.001953125	4.552349003047682e-06
c90	TE_PATU-8902	spearman	0.676234292680534	0.7170919664058966	0.040857673725362496	10	8.465607457812672e-07	0.001953125	1.128296052689276e-05
c90	TE_PC3	pearson	0.720513191	0.738251007	0.017737816000000007	10	8.40694275348003e-05	0.001953125	0.0001681388550696006
c90	TE_PC3	spearman	0.71933423942101	0.7371041391781609	0.0177698997571508	10	0.0002272267052272178	0.001953125	0.0006683573805879033
c90	TE_PC9	pearson	0.737494389	0.78691844	0.049424051000000024	10	4.958962376084357e-10	0.001953125	2.9257878018897706e-08
c90	TE_PC9	spearman	0.7474981575092393	0.7839710308233818	0.03647287331414252	10	7.284378345505367e-08	0.001953125	2.3126092791895524e-06
c90	TE_Primary_CD4+_T-cells	pearson	0.644407644	0.707709634	0.06330198999999999	10	5.9074581929093724e-08	0.001953125	1.3587153843691557e-06
c90	TE_Primary_CD4+_T-cells	spearman	0.6309172855536002	0.6893008693038853	0.058383583750285184	10	2.0406975447245086e-06	0.001953125	2.131518909494617e-05
c90	TE_Primary_human_bronchial_epithelial_cells	pearson	0.545686147	0.634014807	0.08832865999999999	10	5.325698937548518e-08	0.001953125	1.2781677450116443e-06
c90	TE_Primary_human_bronchial_epithelial_cells	spearman	0.5315639859727735	0.6121836022186293	0.08061961624585581	10	5.0651259058321416e-08	0.001953125	1.9375577124115087e-06
c90	TE_RD-CCL-136	pearson	0.647571116	0.684993185	0.037422069000000016	10	1.6243388241744378e-07	0.001953125	2.7613760010965444e-06
c90	TE_RD-CCL-136	spearman	0.6694814619589219	0.6993540836917627	0.029872621732840766	10	2.7153373097874097e-06	0.001953125	2.4438035788086686e-05
c90	TE_RPE-1	pearson	0.681993089	0.7286418859999999	0.04664879699999998	10	2.407144779824474e-08	0.001953125	7.702863295438317e-07
c90	TE_RPE-1	spearman	0.6814269973263773	0.723310805391227	0.04188380806484967	10	4.3305729761915687e-07	0.001953125	7.722865951418527e-06
c90	TE_SH-SY5Y	pearson	0.632182306	0.673781155	0.041598849000000014	10	3.2139585262153294e-08	0.001953125	9.641875578645988e-07
c90	TE_SH-SY5Y	spearman	0.628134556718754	0.6697568138020189	0.041622257083265	10	1.6771435635737472e-07	0.001953125	3.8441513802306325e-06
c90	TE_SUM159PT	pearson	0.811669586	0.833763434	0.02209384799999997	10	2.85038399357135e-08	0.001953125	8.836190380071185e-07
c90	TE_SUM159PT	spearman	0.8191384782199609	0.8381783598215881	0.019039881601627128	10	1.5016925699135945e-07	0.001953125	3.8441513802306325e-06
c90	TE_SW480TetOnAPC	pearson	0.65648381	0.706865864	0.05038205399999999	10	2.455646250467649e-07	0.001953125	3.4379047506547084e-06
c90	TE_SW480TetOnAPC	spearman	0.6663730892882904	0.7149045918353754	0.048531502547084805	10	7.114070371972304e-07	0.001953125	1.0671105557958457e-05
c90	TE_T47D	pearson	0.8025690300000001	0.8254170359999999	0.022848005999999987	10	1.0165900112565207e-08	0.001953125	3.8206883911025436e-07
c90	TE_T47D	spearman	0.8146122502877409	0.8354239575187636	0.020811707231022648	10	1.5233556272582412e-07	0.001953125	3.8441513802306325e-06
c90	TE_THP-1	pearson	0.486080864	0.546106724	0.06002586	10	6.052987995184045e-08	0.001953125	1.3587153843691557e-06
c90	TE_THP-1	spearman	0.48824380588006894	0.545836429275097	0.05759262339502806	10	2.3048212994944306e-08	0.001953125	1.060217797767438e-06
c90	TE_U-251	pearson	0.678384317	0.754306329	0.075922012	10	7.061729884143073e-10	0.001953125	4.0251860339615515e-08
c90	TE_U-251	spearman	0.6922796766513349	0.7510545274703436	0.058774850819008725	10	4.9680966984910485e-08	0.001953125	1.9375577124115087e-06
c90	TE_U-343	pearson	0.690021369	0.7622222790000001	0.07220091	10	2.9837980071270124e-10	0.001953125	1.8499547644187477e-08
c90	TE_U-343	spearman	0.6929296275032029	0.7522662484245728	0.05933662092137	10	7.537314555054285e-09	0.001953125	4.070149859729314e-07
c90	TE_U2392	pearson	0.4982840270000001	0.678572283	0.18028825599999998	10	5.4176443166354916e-11	0.001953125	3.9548803511439085e-09
c90	TE_U2392	spearman	0.466804462725253	0.5854595910128003	0.11865512828754729	10	2.4490751020526124e-08	0.001953125	1.0775930449031495e-06
c90	TE_U2OS	pearson	0.6882545099999999	0.750756536	0.06250202599999999	10	1.6795104639633208e-09	0.001953125	8.397552319816605e-08
c90	TE_U2OS	spearman	0.6847738929554781	0.7465522328550129	0.06177833989953478	10	6.490130504125527e-10	0.001953125	4.348387437764103e-08
c90	TE_Vero_6	pearson	0.7273660160000001	0.77457852	0.04721250399999999	10	1.0082735190507156e-10	0.001953125	6.9570872814499375e-09
c90	TE_Vero_6	spearman	0.7321054030405728	0.7782740593570135	0.046168656316440806	10	1.7333398627665425e-10	0.001953125	1.2306713025642452e-08
c90	TE_WI38	pearson	0.722478921	0.747272784	0.024793862999999992	10	1.4701740354155834e-06	0.001953125	1.323156631874025e-05
c90	TE_WI38	spearman	0.732713425748176	0.7586376212470105	0.025924195498834512	10	2.9005154096942116e-06	0.001953125	2.4438035788086686e-05
c90	TE_WM902B	pearson	0.650577388	0.6746417809999999	0.024064393000000007	10	3.0918766254597294e-05	0.001953125	0.0001234908225253945
c90	TE_WM902B	spearman	0.6526819563365768	0.6740859245540235	0.021403968217446678	10	0.00022278579352930108	0.001953125	0.0006683573805879033
c90	TE_WTC-11	pearson	0.634389463	0.685951677	0.05156221399999998	10	1.0274614816644989e-08	0.001953125	3.8206883911025436e-07
c90	TE_WTC-11	spearman	0.6507102665171149	0.6999634113487224	0.04925314483160744	10	2.443688775890518e-07	0.001953125	5.131746429370088e-06
c90	TE_ZR75-1	pearson	0.674137802	0.7585356240000001	0.08439782200000001	10	5.163087774384832e-09	0.001953125	2.1684968652416295e-07
c90	TE_ZR75-1	spearman	0.6755312829092228	0.7614911934801523	0.08595991057092953	10	6.693861658959872e-09	0.001953125	3.6816239124279297e-07
c90	TE_cardiac_fibroblasts	pearson	0.669630888	0.715215557	0.045584669	10	1.6637983334464645e-08	0.001953125	5.490534500373333e-07
c90	TE_cardiac_fibroblasts	spearman	0.6701646684646866	0.7180569311906998	0.04789226272601325	10	7.319758152209026e-08	0.001953125	2.3126092791895524e-06
c90	TE_ccRCC	pearson	0.644985294	0.720684382	0.07569908799999997	10	2.0201839055178006e-10	0.001953125	1.3333213776417484e-08
c90	TE_ccRCC	spearman	0.6456775749863056	0.7202403390542244	0.07456276406791866	10	1.1207534434497912e-10	0.001953125	8.181500137183475e-09
c90	TE_early_neurons	pearson	0.6765507580000001	0.7110322250000001	0.03448146699999999	10	8.398786050587156e-08	0.001953125	1.5624722297260775e-06
c90	TE_early_neurons	spearman	0.6854275120195465	0.7191548190842328	0.03372730706468631	10	3.433083181037353e-07	0.001953125	6.866166362074706e-06
c90	TE_fibroblast	pearson	0.613653465	0.6697284299999999	0.05607496499999998	10	2.205278029645872e-07	0.001953125	3.307917044468808e-06
c90	TE_fibroblast	spearman	0.6273682090892263	0.6811383283352204	0.05377011924599408	10	6.607455083398721e-08	0.001953125	2.3126092791895524e-06
c90	TE_hESC	pearson	0.6607106	0.71099792	0.05028732	10	5.961672947687241e-07	0.001953125	7.154007537224689e-06
c90	TE_hESC	spearman	0.662542522440615	0.7136665234139136	0.051124000973298556	10	8.059257519209114e-07	0.001953125	1.128296052689276e-05
c90	TE_human_brain_tumor	pearson	0.5888007820000001	0.647881547	0.059080765000000014	10	4.4085296766643786e-08	0.001953125	1.1903030126993822e-06
c90	TE_human_brain_tumor	spearman	0.6053629845181276	0.6696255397843596	0.06426255526623194	10	2.1073320135245554e-08	0.001953125	9.90446046356541e-07
c90	TE_iPSC-differentiated_dopamine_neurons	pearson	0.593349502	0.649740003	0.056390500999999996	10	6.87864912865361e-08	0.001953125	1.375729825730722e-06
c90	TE_iPSC-differentiated_dopamine_neurons	spearman	0.5952404463952576	0.6548141622633326	0.0595737158680749	10	4.1942826785348386e-08	0.001953125	1.719655898199284e-06
c90	TE_megakaryocytes	pearson	0.6993289970000001	0.75272136	0.053392363	10	2.433873074420549e-09	0.001953125	1.1439203449776581e-07
c90	TE_megakaryocytes	spearman	0.6961741755063993	0.7566238297084003	0.06044965420200106	10	2.086377028979737e-09	0.001953125	1.293553757967437e-07
c90	TE_muscle_tissue	pearson	0.481856994	0.553190461	0.07133346699999998	10	1.0417034386379552e-08	0.001953125	3.8206883911025436e-07
c90	TE_muscle_tissue	spearman	0.4977305544789189	0.57114827709749	0.07341772261857113	10	6.124709816065892e-09	0.001953125	3.4298374969968994e-07
c90	TE_neuronal_precursor_cells	pearson	0.690967484	0.7170071809999999	0.026039696999999994	10	1.967426677019449e-06	0.001953125	1.3771986739136142e-05
c90	TE_neuronal_precursor_cells	spearman	0.7001255519549181	0.7253174003089546	0.025191848354036504	10	3.585368782295126e-06	0.001953125	2.509758147606588e-05
c90	TE_neurons	pearson	0.7109673799999999	0.735762998	0.02479561800000001	10	6.342723828269882e-07	0.001953125	7.154007537224689e-06
c90	TE_neurons	spearman	0.7173457204103475	0.7404187595820544	0.023073039171706878	10	1.9377444631769246e-06	0.001953125	2.131518909494617e-05
c90	TE_normal_brain_tissue	pearson	0.593136203	0.6346555190000001	0.041519315999999994	10	6.056461706121035e-07	0.001953125	7.154007537224689e-06
c90	TE_normal_brain_tissue	spearman	0.602435141269362	0.6481218976864077	0.045686756417045685	10	4.2904810841214046e-07	0.001953125	7.722865951418527e-06
c90	TE_normal_prostate	pearson	0.745440519	0.802847208	0.05740668899999999	10	1.1005653401502881e-09	0.001953125	5.943052836811556e-08
c90	TE_normal_prostate	spearman	0.7510002471269797	0.8054431250403254	0.05444287791334581	10	3.2308692720876907e-10	0.001953125	2.2616084904613836e-08
c90	TE_primary_macrophages	pearson	0.374992758	0.569658938	0.19466618	10	2.1510922708297137e-09	0.001953125	1.0325242899982625e-07
c90	TE_primary_macrophages	spearman	0.4419254875658571	0.6136904594334147	0.17176497186755765	10	4.071758990405667e-09	0.001953125	2.3616202144352868e-07
c90	TE_skeletal_muscle	pearson	0.532249177	0.579228819	0.04697964200000001	10	3.0872705631348625e-05	0.001953125	0.0001234908225253945
c90	TE_skeletal_muscle	spearman	0.5286232824028326	0.5777425611747417	0.049119278771908956	10	2.595210389480952e-05	0.001953125	0.00010380841557923807
c70	TE_108T	pearson	0.681099593	0.762765838	0.08166624500000001	10	4.842254848903382e-10	0.001953125	3.583268588188503e-08
c70	TE_108T	spearman	0.6820593256650154	0.7574274152282479	0.07536808956323257	10	3.110305909434418e-09	0.001953125	1.9283896638493392e-07
c70	TE_12T	pearson	0.5989246149999999	0.6796441440000001	0.08071952900000004	10	3.323113814133144e-09	0.001953125	2.0935617029038806e-07
c70	TE_12T	spearman	0.5876467785358325	0.6649951336477086	0.07734835511187614	10	1.0956009372569292e-09	0.001953125	7.778766654524196e-08
c70	TE_A2780	pearson	0.672040263	0.7114846420000001	0.03944437899999999	10	1.6265941591287263e-07	0.001953125	4.554463645560434e-06
c70	TE_A2780	spearman	0.6835549326833885	0.7180796753242217	0.03452474264083315	10	3.489546673746578e-07	0.001953125	8.374912016991787e-06
c70	TE_A549	pearson	0.7168696459999999	0.74484135	0.027971703999999986	10	2.0648591120532365e-08	0.001953125	9.704837826650211e-07
c70	TE_A549	spearman	0.7322975236574553	0.7594533581625235	0.027155834505068133	10	2.775912369500502e-07	0.001953125	6.939780923751254e-06
c70	TE_BJ	pearson	0.701657447	0.758358317	0.056700869999999993	10	1.1302567886458534e-07	0.001953125	3.616821723666731e-06
c70	TE_BJ	spearman	0.7102067733931723	0.7695605761761054	0.05935380278293301	10	2.5724247464186736e-08	0.001953125	1.2090396308167767e-06
c70	TE_BRx-142	pearson	0.43511690300000005	0.540205316	0.10508841300000002	10	2.6561480854123774e-08	0.001953125	1.2218281192896937e-06
c70	TE_BRx-142	spearman	0.42706940240497504	0.5427522644433822	0.1156828620384072	10	2.6998217058607968e-08	0.001953125	1.2419179846959665e-06
c70	TE_C643	pearson	0.333933613	0.576782541	0.242848928	10	6.539122322671723e-09	0.001953125	3.5965172774694477e-07
c70	TE_C643	spearman	0.34909176068341147	0.5430129848677101	0.1939212241842987	10	1.3494174732440237e-09	0.001953125	9.310980565383763e-08
c70	TE_CRL-1634	pearson	0.788765509	0.816210119	0.02744460999999999	10	2.0203367523837668e-07	0.001953125	5.252875556197793e-06
c70	TE_CRL-1634	spearman	0.7885782474886021	0.813066710932055	0.02448846344345289	10	1.1357228329725377e-07	0.001953125	3.6343130655121207e-06
c70	TE_Calu-3	pearson	0.691166986	0.7959374589999999	0.104770473	10	3.461939546381554e-11	0.001953125	2.665693450713797e-09
c70	TE_Calu-3	spearman	0.699154288760276	0.8041005634925247	0.10494627473224875	10	3.9451596449687635e-11	0.001953125	3.037772926625948e-09
c70	TE_Cybrid_Cells	pearson	0.670575071	0.762987766	0.09241269499999999	10	2.9421263488766264e-09	0.001953125	1.9123821267698072e-07
c70	TE_Cybrid_Cells	spearman	0.67085709162954	0.7665810972345644	0.09572400560502442	10	1.8596913432039081e-09	0.001953125	1.2087993730825402e-07
c70	TE_H1-hESC	pearson	0.7318030600000001	0.789715104	0.05791204399999998	10	1.1013259425401195e-09	0.001953125	7.709281597780837e-08
c70	TE_H1-hESC	spearman	0.7148853764860524	0.7725763690623593	0.05769099257630685	10	8.029866299428111e-10	0.001953125	5.861802398582521e-08
c70	TE_H1933	pearson	0.690594257	0.753980226	0.06338596899999999	10	4.800002277863568e-08	0.001953125	1.9227368036207557e-06
c70	TE_H1933	spearman	0.6974681679004433	0.7507812562171031	0.05331308831665983	10	3.1154173230866745e-08	0.001953125	1.3707836221581368e-06
c70	TE_H9-hESC	pearson	0.712775171	0.77991807	0.06714289899999998	10	1.9444547558667724e-09	0.001953125	1.28334013887207e-07
c70	TE_H9-hESC	spearman	0.6934025231788346	0.7630833586054604	0.06968083542662591	10	1.6421801499374511e-09	0.001953125	1.1166825019574668e-07
c70	TE_HAP-1	pearson	0.695137551	0.743457453	0.04831990199999999	10	1.772464210246934e-08	0.001953125	8.862321051234671e-07
c70	TE_HAP-1	spearman	0.701802550244869	0.7471198201227037	0.045317269877834666	10	7.0406428333139814e-09	0.001953125	4.0131664149889694e-07
c70	TE_HCC_tumor	pearson	0.7047611220000001	0.748792841	0.04403171899999998	10	8.977816396850519e-09	0.001953125	4.84802085429928e-07
c70	TE_HCC_tumor	spearman	0.7179379660913117	0.7619790122661003	0.04404104617478878	10	9.589420756700192e-08	0.001953125	3.356297264845067e-06
c70	TE_HCC_adjancent_normal	pearson	0.718493177	0.775221781	0.056728604	10	7.38421924938177e-08	0.001953125	2.6255723894092825e-06
c70	TE_HCC_adjancent_normal	spearman	0.7145654907340446	0.7731463498093796	0.05858085907533504	10	7.863199349847859e-08	0.001953125	2.9318742658395087e-06
c70	TE_HCT116	pearson	0.69513717	0.763041313	0.06790414299999997	10	6.974353041751499e-10	0.001953125	5.091277720478594e-08
c70	TE_HCT116	spearman	0.6842303080480832	0.7444991302111156	0.060268822163032434	10	1.024031071375224e-08	0.001953125	5.52976778542621e-07
c70	TE_HEK293	pearson	0.6794722099999999	0.74390678	0.06443457000000001	10	4.3470324398571365e-09	0.001953125	2.651689788312853e-07
c70	TE_HEK293	spearman	0.6793121039382031	0.7366276108646831	0.05731550692647993	10	4.9027617814649516e-09	0.001953125	2.8926294510643215e-07
c70	TE_HEK293T	pearson	0.709666066	0.762670694	0.053004627999999984	10	5.8984688075458375e-09	0.001953125	3.303142532225669e-07
c70	TE_HEK293T	spearman	0.7128612494889561	0.760205143455157	0.047343893966200826	10	3.917936555418199e-09	0.001953125	2.389941298805101e-07
c70	TE_HMECs	pearson	0.83511053	0.861055389	0.02594485900000002	10	1.7437562359088982e-06	0.001953125	1.6613325895968233e-05
c70	TE_HMECs	spearman	0.8483405683093107	0.8712167641491704	0.022876195839859635	10	5.467611869764649e-06	0.001953125	4.3740894958117195e-05
c70	TE_HSB2	pearson	0.607197836	0.6284037490000001	0.021205913	10	1.2147134017162316e-05	0.001953125	3.818351122828875e-05
c70	TE_HSB2	spearman	0.6195635867112262	0.6378934154558961	0.018329828744669784	10	0.0001920412140441837	0.001953125	0.00029174933123143725
c70	TE_HSPCs	pearson	0.6117121510000001	0.690150519	0.078438368	10	2.6841575932617173e-07	0.001953125	6.441978223828121e-06
c70	TE_HSPCs	spearman	0.5980276172998501	0.6582218066573331	0.06019418935748302	10	3.556218996747848e-07	0.001953125	8.374912016991787e-06
c70	TE_HeLa	pearson	0.755736249	0.790109137	0.03437288799999999	10	4.7700166692077385e-08	0.001953125	1.9227368036207557e-06
c70	TE_HeLa	spearman	0.7600375869808375	0.7938048981477343	0.03376731116689683	10	5.125041259065752e-08	0.001953125	2.0958836910706772e-06
c70	TE_HeLa_S3	pearson	0.766254125	0.7912543299999999	0.025000204999999987	10	4.170459323699695e-07	0.001953125	7.150457943728662e-06
c70	TE_HeLa_S3	spearman	0.7881193042088881	0.8123653976066579	0.024246093397769907	10	6.2635279797239135e-06	0.001953125	4.38446958580674e-05
c70	TE_HepG2	pearson	0.4944070079999999	0.548341991	0.05393498300000001	10	3.845481754570424e-07	0.001953125	7.150457943728662e-06
c70	TE_HepG2	spearman	0.47400439240213277	0.5270311840794439	0.05302679167731121	10	8.345744937626299e-07	0.001953125	1.4187766393964707e-05
c70	TE_Huh-7.5	pearson	0.6643878400000001	0.698246994	0.03385915399999998	10	2.1949844262032674e-06	0.001953125	1.755987540962614e-05
c70	TE_Huh-7.5	spearman	0.6770708983698743	0.7117179337862262	0.03464703541635182	10	3.3787136057178423e-06	0.001953125	3.766921423238943e-05
c70	TE_Huh7	pearson	0.573706992	0.66017475	0.08646775799999999	10	4.2673410026415e-08	0.001953125	1.79228322110943e-06
c70	TE_Huh7	spearman	0.5830781044423288	0.6647356986269545	0.0816575941846257	10	5.7353258255038736e-08	0.001953125	2.236777071946511e-06
c70	TE_K562	pearson	0.640428178	0.7054783280000001	0.06505015	10	1.524890188665332e-08	0.001953125	7.776939962193194e-07
c70	TE_K562	spearman	0.6415036005840534	0.6942207235431583	0.05271712295910498	10	1.7940238675464808e-09	0.001953125	1.2019959912561422e-07
c70	TE_Kidney_normal_tissue	pearson	0.551496727	0.67845763	0.12696090299999999	10	3.5573109290025794e-10	0.001953125	2.6679831967519344e-08
c70	TE_Kidney_normal_tissue	spearman	0.5424456205651718	0.6650466021550407	0.12260098158986896	10	2.570875090143798e-12	0.001953125	2.0052825703121625e-10
c70	TE_LCL	pearson	0.744673127	0.785389972	0.040716845000000015	10	2.1460042509604171e-07	0.001953125	5.365010627401043e-06
c70	TE_LCL	spearman	0.7413193016730135	0.7820290632882687	0.04070976161525523	10	2.1575801302180441e-07	0.001953125	5.825466351588719e-06
c70	TE_LuCaP-PDX	pearson	0.74366134	0.7773552859999999	0.033693946000000016	10	1.1291967714986696e-09	0.001953125	7.79145772334082e-08
c70	TE_LuCaP-PDX	spearman	0.7482699778681602	0.7807132387162341	0.03244326084807394	10	8.96443509089946e-09	0.001953125	5.020083650903697e-07
c70	TE_MCF10A	pearson	0.704939189	0.758537365	0.05359817600000001	10	5.1974914709591334e-09	0.001953125	3.084902771178913e-07
c70	TE_MCF10A	spearman	0.7033183516663128	0.761969659494984	0.05865130782867117	10	1.1477545620696178e-09	0.001953125	8.034281934487325e-08
c70	TE_MCF10A-ER-Src	pearson	0.696881605	0.787568727	0.090687122	10	2.1993003378795123e-10	0.001953125	1.6714682567884295e-08
c70	TE_MCF10A-ER-Src	spearman	0.6983086654095721	0.794697858056571	0.0963891926469988	10	2.0680951487521956e-10	0.001953125	1.5510713615641466e-08
c70	TE_MCF7	pearson	0.700657686	0.76517773	0.06452004400000001	10	5.141504618631522e-09	0.001953125	3.084902771178913e-07
c70	TE_MCF7	spearman	0.6983545686411503	0.7588275497567661	0.06047298111561583	10	1.824681485600277e-09	0.001953125	1.204289780496183e-07
c70	TE_MD55A3	pearson	0.6756708610000001	0.744473478	0.06880261700000002	10	3.1694836667001488e-09	0.001953125	2.0284695466880952e-07
c70	TE_MD55A3	spearman	0.677062841316194	0.7403625074111954	0.06329966609500141	10	1.2477897238901225e-08	0.001953125	6.61328553661765e-07
c70	TE_MDA-MB-231	pearson	0.7888358280000001	0.829924688	0.04108885999999999	10	1.0543342221120478e-07	0.001953125	3.4793029329697578e-06
c70	TE_MDA-MB-231	spearman	0.7999729548747754	0.8397707660089833	0.03979781113420792	10	4.765296277100726e-08	0.001953125	2.0014244363823047e-06
c70	TE_MM1.S	pearson	0.782050852	0.814180157	0.03212930500000001	10	1.65381998474427e-07	0.001953125	4.554463645560434e-06
c70	TE_MM1.S	spearman	0.7914313653736433	0.8231157328343753	0.03168436746073201	10	4.32378452610084e-08	0.001953125	1.8592273462233611e-06
c70	TE_MOLM-13	pearson	0.688131492	0.72672171	0.03859021800000001	10	1.6613325895968233e-06	0.001953125	1.6613325895968233e-05
c70	TE_MOLM-13	spearman	0.6942510495568462	0.7314038817661814	0.037152832209335206	10	2.394864808029458e-06	0.001953125	3.352810731241241e-05
c70	TE_Molt-3	pearson	0.7071758210000001	0.7385741	0.031398278999999994	10	3.674388376362175e-07	0.001953125	7.150457943728662e-06
c70	TE_Molt-3	spearman	0.7149773114947816	0.7460559927514762	0.031078681256694628	10	5.648140713459921e-07	0.001953125	1.073146735557385e-05
c70	TE_Mutu	pearson	0.459780757	0.653938929	0.194158172	10	5.192645272775673e-09	0.001953125	3.084902771178913e-07
c70	TE_Mutu	spearman	0.4430854199885241	0.5777591042928905	0.13467368430436644	10	1.1733191398251184e-07	0.001953125	3.637289333457867e-06
c70	TE_OSCC	pearson	0.778047126	0.8078500569999999	0.029802930999999977	10	5.278151477643084e-07	0.001953125	7.917227216464626e-06
c70	TE_OSCC	spearman	0.7788316840835272	0.8058588229835448	0.027027138900017754	10	3.5082416026292287e-06	0.001953125	3.766921423238943e-05
c70	TE_PANC1	pearson	0.5432804090000001	0.661829361	0.118548952	10	1.2626602679049143e-08	0.001953125	6.692099419896046e-07
c70	TE_PANC1	spearman	0.5230678213478867	0.6135536588484882	0.0904858375006016	10	9.840823356397353e-08	0.001953125	3.356297264845067e-06
c70	TE_PATU-8902	pearson	0.69155722	0.7279278419999999	0.03637062199999998	10	7.918221962843148e-07	0.001953125	1.0293688551696092e-05
c70	TE_PATU-8902	spearman	0.6905383922793985	0.7278200569999709	0.03728166472057243	10	3.1391011860324524e-06	0.001953125	3.766921423238943e-05
c70	TE_PC3	pearson	0.720655547	0.736822177	0.016166630000000026	10	6.780897864888979e-06	0.001953125	3.818351122828875e-05
c70	TE_PC3	spearman	0.7249720486830238	0.7403674594218744	0.015395410738850701	10	6.228696005073663e-05	0.001953125	0.0002491478402029465
c70	TE_PC9	pearson	0.7437857059999999	0.7902293890000001	0.04644368300000003	10	7.525010627990587e-10	0.001953125	5.418007652153223e-08
c70	TE_PC9	spearman	0.7546749680173215	0.7908721437532018	0.03619717573588025	10	2.1323076150621473e-08	0.001953125	1.081849194312708e-06
c70	TE_Primary_CD4+_T-cells	pearson	0.650388069	0.713324673	0.06293660400000003	10	2.738085762631026e-07	0.001953125	6.441978223828121e-06
c70	TE_Primary_CD4+_T-cells	spearman	0.6328785399052494	0.6911378110709833	0.0582592711657338	10	2.5952437501812817e-07	0.001953125	6.7476337504713326e-06
c70	TE_Primary_human_bronchial_epithelial_cells	pearson	0.55472042	0.639270109	0.08454968899999998	10	1.3458296304686156e-08	0.001953125	6.998314078436801e-07
c70	TE_Primary_human_bronchial_epithelial_cells	spearman	0.5398390010826428	0.6143006471032234	0.0744616460205806	10	2.918952239720209e-09	0.001953125	1.8681294334209337e-07
c70	TE_RD-CCL-136	pearson	0.651707417	0.691578453	0.039871036000000006	10	3.251784371749797e-07	0.001953125	6.828747180674574e-06
c70	TE_RD-CCL-136	spearman	0.6701013862448031	0.7046471339605189	0.034545747715715946	10	4.0107374339314585e-07	0.001953125	8.823622354649208e-06
c70	TE_RPE-1	pearson	0.68701033	0.733427202	0.04641687200000001	10	2.7970313220547218e-08	0.001953125	1.2306937817040776e-06
c70	TE_RPE-1	spearman	0.6863229895319195	0.7286079313385051	0.04228494180658567	10	2.1212729300249177e-08	0.001953125	1.081849194312708e-06
c70	TE_SH-SY5Y	pearson	0.641571148	0.6819470369999999	0.04037588899999998	10	5.454787318326965e-06	0.001953125	3.818351122828875e-05
c70	TE_SH-SY5Y	spearman	0.6400407701103864	0.6784244760192637	0.038383705908877276	10	3.4075221744267637e-06	0.001953125	3.766921423238943e-05
c70	TE_SUM159PT	pearson	0.819891215	0.838700828	0.018809613000000013	10	9.387181533884008e-07	0.001953125	1.126461784066081e-05
c70	TE_SUM159PT	spearman	0.8262939562486789	0.8423762368197749	0.016082280571095963	10	1.8211408551351403e-05	0.001953125	0.00010926845130810841
c70	TE_SW480TetOnAPC	pearson	0.667821344	0.715284386	0.04746304199999999	10	1.860379785195686e-08	0.001953125	8.992527879509686e-07
c70	TE_SW480TetOnAPC	spearman	0.675193684319799	0.72015707760795	0.04496339328815117	10	2.787789247038812e-08	0.001953125	1.2545051611674654e-06
c70	TE_T47D	pearson	0.8080508710000001	0.827077586	0.019026715000000007	10	5.731240167010051e-06	0.001953125	3.818351122828875e-05
c70	TE_T47D	spearman	0.8212858159951327	0.8389354979738386	0.0176496819787058	10	2.2102657895831535e-05	0.001953125	0.00011051328947915768
c70	TE_THP-1	pearson	0.501066974	0.556809323	0.055742349000000004	10	1.3338184039464165e-07	0.001953125	4.0014552118392495e-06
c70	TE_THP-1	spearman	0.5055260930160971	0.5578895544851606	0.0523634614690636	10	4.653909821874937e-07	0.001953125	9.773210625937367e-06
c70	TE_U-251	pearson	0.6774077519999999	0.747591629	0.070183877	10	5.209660806268029e-08	0.001953125	1.9796711063818512e-06
c70	TE_U-251	spearman	0.6927193845913115	0.7481707694334543	0.05545138484214278	10	5.111911441635798e-08	0.001953125	2.0958836910706772e-06
c70	TE_U-343	pearson	0.690420868	0.7599326630000001	0.069511795	10	4.689601960050624e-08	0.001953125	1.9227368036207557e-06
c70	TE_U-343	spearman	0.6928513606775538	0.7512274625941042	0.058376101916550474	10	2.1661702413924696e-08	0.001953125	1.081849194312708e-06
c70	TE_U2392	pearson	0.511273112	0.673764913	0.162491801	10	1.3062481922319179e-09	0.001953125	8.882487707177042e-08
c70	TE_U2392	spearman	0.4794418751495638	0.5831797194396952	0.10373784429013133	10	8.639252500879627e-08	0.001953125	3.1101309003166658e-06
c70	TE_U2OS	pearson	0.695005302	0.752639096	0.057633794	10	5.37557943749567e-09	0.001953125	3.084902771178913e-07
c70	TE_U2OS	spearman	0.6904887784798064	0.7482061972960932	0.05771741881628689	10	1.044349233420491e-09	0.001953125	7.519314480627535e-08
c70	TE_Vero_6	pearson	0.734496619	0.779139041	0.04464242200000003	10	1.8352097713285074e-08	0.001953125	8.992527879509686e-07
c70	TE_Vero_6	spearman	0.7388276328001796	0.782157030240315	0.043329397440135406	10	1.0609532341591649e-07	0.001953125	3.5011456727252443e-06
c70	TE_WI38	pearson	0.730141618	0.7528484129999999	0.02270679499999999	10	6.547747572356735e-06	0.001953125	3.818351122828875e-05
c70	TE_WI38	spearman	0.7414827080916625	0.7659486213414992	0.024465913249836733	10	2.6663753427249413e-06	0.001953125	3.466287945542424e-05
c70	TE_WM902B	pearson	0.650221068	0.677560164	0.027339096000000007	10	7.867701022583954e-05	0.001953125	7.867701022583954e-05
c70	TE_WM902B	spearman	0.6520170580463807	0.6758341561786874	0.023817098132306647	10	0.00013050861049981297	0.001953125	0.00029174933123143725
c70	TE_WTC-11	pearson	0.644966809	0.692060826	0.04709401699999999	10	3.575228971864331e-07	0.001953125	7.150457943728662e-06
c70	TE_WTC-11	spearman	0.6611416254282607	0.7073320976175024	0.04619047218924153	10	1.837602099843566e-06	0.001953125	2.9401633597497055e-05
c70	TE_ZR75-1	pearson	0.6761537799999999	0.74896774	0.07281396000000002	10	5.225918535590522e-08	0.001953125	1.9796711063818512e-06
c70	TE_ZR75-1	spearman	0.6815582081799061	0.7561912910812816	0.07463308290137548	10	1.927139266777026e-08	0.001953125	1.0021124187240536e-06
c70	TE_cardiac_fibroblasts	pearson	0.673924778	0.7199548769999999	0.046030099000000026	10	7.795859924943852e-08	0.001953125	2.6505923744809095e-06
c70	TE_cardiac_fibroblasts	spearman	0.6732957740571844	0.720970695601652	0.04767492154446752	10	5.10432624138793e-09	0.001953125	2.960509220004999e-07
c70	TE_ccRCC	pearson	0.653834072	0.729878652	0.07604458000000001	10	3.8568689372234955e-09	0.001953125	2.3912587410785674e-07
c70	TE_ccRCC	spearman	0.6542490058797379	0.729148455206707	0.07489944932696903	10	4.4654484733953325e-09	0.001953125	2.6792690840371994e-07
c70	TE_early_neurons	pearson	0.683029994	0.71481483	0.03178483600000002	10	2.723133133216286e-08	0.001953125	1.2254099099473286e-06
c70	TE_early_neurons	spearman	0.6905218668811621	0.7218590876789699	0.03133722079780784	10	1.6359414321284352e-07	0.001953125	4.744230153172462e-06
c70	TE_fibroblast	pearson	0.625035333	0.675332112	0.05029677899999999	10	5.917225906663632e-07	0.001953125	8.284116269329085e-06
c70	TE_fibroblast	spearman	0.6359834450562275	0.6846029719149831	0.04861952685875558	10	5.158472694672319e-07	0.001953125	1.0316945389344638e-05
c70	TE_hESC	pearson	0.668549671	0.7135048399999999	0.044955168999999975	10	3.6747787241158116e-07	0.001953125	7.150457943728662e-06
c70	TE_hESC	spearman	0.6728036728688199	0.71607063709207	0.04326696422325006	10	6.486582332181553e-07	0.001953125	1.1675848197926794e-05
c70	TE_human_brain_tumor	pearson	0.601250524	0.655363288	0.054112764	10	3.42777323518147e-08	0.001953125	1.4739424911280323e-06
c70	TE_human_brain_tumor	spearman	0.6189000731533899	0.6770651876652372	0.058165114511847284	10	1.0000136247163988e-08	0.001953125	5.500074935940193e-07
c70	TE_iPSC-differentiated_dopamine_neurons	pearson	0.6024100210000001	0.65785196	0.05544193899999998	10	1.1865932016113488e-07	0.001953125	3.678438924995181e-06
c70	TE_iPSC-differentiated_dopamine_neurons	spearman	0.6018314778058435	0.6639325394847528	0.062101061678909386	10	2.3124429918756726e-08	0.001953125	1.1099726361003228e-06
c70	TE_megakaryocytes	pearson	0.709508664	0.759215931	0.049707267	10	1.0479123507441245e-09	0.001953125	7.440177690283285e-08
c70	TE_megakaryocytes	spearman	0.7012354818960288	0.756288741533844	0.055053259637815155	10	7.776410457060698e-10	0.001953125	5.754543738224917e-08
c70	TE_muscle_tissue	pearson	0.480032282	0.544530097	0.06449781499999999	10	3.3661025252470406e-11	0.001953125	2.6255599696926915e-09
c70	TE_muscle_tissue	spearman	0.4978067264836993	0.5630963502137997	0.06528962373010044	10	1.470829068502108e-10	0.001953125	1.1178300920616022e-08
c70	TE_neuronal_precursor_cells	pearson	0.696820928	0.7216372630000001	0.024816334999999988	10	1.4497375565329938e-07	0.001953125	4.204238913945682e-06
c70	TE_neuronal_precursor_cells	spearman	0.7033516865886258	0.7284851405313517	0.02513345394272599	10	1.8475371252188993e-07	0.001953125	5.173103950612918e-06
c70	TE_neurons	pearson	0.717585516	0.739534287	0.021948771000000013	10	1.0582019690848292e-06	0.001953125	1.1640221659933122e-05
c70	TE_neurons	spearman	0.7233669576234162	0.7442293864897847	0.02086242886636851	10	2.009843732412307e-06	0.001953125	3.0147655986184604e-05
c70	TE_normal_brain_tissue	pearson	0.594860777	0.63293127	0.038070493000000025	10	3.093482370027575e-07	0.001953125	6.8056612140606645e-06
c70	TE_normal_brain_tissue	spearman	0.6071524489055561	0.6513382070510368	0.04418575814548069	10	1.4435319087496367e-07	0.001953125	4.33059572624891e-06
c70	TE_normal_prostate	pearson	0.75020002	0.804507908	0.05430788800000004	10	1.3176272680213932e-09	0.001953125	8.882487707177042e-08
c70	TE_normal_prostate	spearman	0.7571783378240438	0.8083948240433754	0.051216486219331545	10	3.043197567499373e-09	0.001953125	1.917214467524605e-07
c70	TE_primary_macrophages	pearson	0.381489296	0.5602000659999999	0.17871077	10	7.293256637248007e-08	0.001953125	2.6255723894092825e-06
c70	TE_primary_macrophages	spearman	0.4630840910145861	0.6179165024855676	0.15483241147098153	10	7.715458594314496e-08	0.001953125	2.9318742658395087e-06
c70	TE_skeletal_muscle	pearson	0.52076172	0.559972036	0.03921031599999999	10	2.2276216635009107e-05	0.001953125	4.4552433270018214e-05
c70	TE_skeletal_muscle	spearman	0.5202583701197682	0.5594597085017463	0.03920133838197805	10	9.724977707714574e-05	0.001953125	0.00029174933123143725
c50	TE_108T	pearson	0.6796131009999999	0.767443333	0.08783023200000001	10	1.7273012860310846e-09	0.001953125	1.243656925942381e-07
c50	TE_108T	spearman	0.679507481194112	0.7624783687820045	0.08297088758789245	10	3.5357482789633947e-09	0.001953125	2.3689513469054744e-07
c50	TE_12T	pearson	0.605322994	0.687691549	0.08236855500000001	10	7.323467371703798e-09	0.001953125	4.320845749305241e-07
c50	TE_12T	spearman	0.5965683914334873	0.6747993972970767	0.07823100586358939	10	9.86538903346491e-09	0.001953125	5.350973478501268e-07
c50	TE_A2780	pearson	0.6704077079999999	0.714757728	0.044350020000000025	10	4.349619587197363e-09	0.001953125	2.7402603399343384e-07
c50	TE_A2780	spearman	0.6794476985597235	0.7209014292691853	0.04145373070946168	10	6.14174889442331e-08	0.001953125	1.965359646215459e-06
c50	TE_A549	pearson	0.71447839	0.744654445	0.030176055	10	8.11390288196672e-09	0.001953125	4.6293436354250054e-07
c50	TE_A549	spearman	0.7298382069629938	0.7574657373330089	0.02762753037001501	10	1.0325406167212304e-07	0.001953125	2.5612039416962894e-06
c50	TE_BJ	pearson	0.704393872	0.760435333	0.056041461000000015	10	1.874126186365649e-08	0.001953125	8.646807791779232e-07
c50	TE_BJ	spearman	0.711914237781553	0.7729711992824935	0.06105696150094052	10	1.7710889712922783e-08	0.001953125	7.792791473686024e-07
c50	TE_BRx-142	pearson	0.438440543	0.540367411	0.10192686799999998	10	7.262720405829639e-08	0.001953125	2.106188917690595e-06
c50	TE_BRx-142	spearman	0.42657475667203437	0.5443543447573359	0.11777958808530156	10	6.484267693637845e-09	0.001953125	3.776066340818041e-07
c50	TE_C643	pearson	0.306906604	0.578000215	0.271093611	10	3.355878341234573e-08	0.001953125	1.2416749862567918e-06
c50	TE_C643	spearman	0.32768586375608955	0.5497523171364757	0.22206645338038605	10	3.4874383099407e-08	0.001953125	1.2903521746780589e-06
c50	TE_CRL-1634	pearson	0.785672217	0.8155025439999999	0.02983032699999997	10	2.2424377492968675e-07	0.001953125	3.812144173804675e-06
c50	TE_CRL-1634	spearman	0.7851779074074174	0.8122193614990992	0.02704145409168186	10	7.38722931156323e-08	0.001953125	2.0684242072377043e-06
c50	TE_Calu-3	pearson	0.685697263	0.7991915940000001	0.11349433099999998	10	2.296041356860728e-11	0.001953125	1.790912258351368e-09
c50	TE_Calu-3	spearman	0.6915032772979431	0.8070457168565766	0.11554243955863334	10	2.1042313517508545e-11	0.001953125	1.6413004543656664e-09
c50	TE_Cybrid_Cells	pearson	0.671392055	0.76470059	0.093308535	10	1.3801312604677825e-09	0.001953125	1.0350984453508369e-07
c50	TE_Cybrid_Cells	spearman	0.6711458274431653	0.7689632005307335	0.09781737308756831	10	8.568318925261379e-10	0.001953125	6.34055600469342e-08
c50	TE_H1-hESC	pearson	0.731107769	0.79321485	0.06210708100000002	10	3.050568599668242e-08	0.001953125	1.1897217538706144e-06
c50	TE_H1-hESC	spearman	0.7140579122766537	0.7754799562451695	0.06142204396851579	10	2.9044307973165325e-08	0.001953125	1.1908166268997784e-06
c50	TE_H1933	pearson	0.687985353	0.752807696	0.064822343	10	1.7890758417450266e-07	0.001953125	3.2355943594517654e-06
c50	TE_H1933	spearman	0.6963904787574773	0.7506001444124614	0.0542096656549841	10	9.88645754140739e-07	0.001953125	1.3841040557970348e-05
c50	TE_H9-hESC	pearson	0.713840222	0.7860911780000001	0.072250956	10	9.696917244963708e-09	0.001953125	5.139366139830765e-07
c50	TE_H9-hESC	spearman	0.6939913467941611	0.7679618660280426	0.0739705192338816	10	7.285150241561145e-10	0.001953125	5.4638626811708587e-08
c50	TE_HAP-1	pearson	0.6922406640000001	0.744183409	0.05194274500000003	10	1.3083299131232605e-07	0.001953125	2.878325808871173e-06
c50	TE_HAP-1	spearman	0.6988529563140424	0.7481150731976574	0.04926211688361491	10	4.683061566965903e-08	0.001953125	1.639071548438066e-06
c50	TE_HCC_tumor	pearson	0.701507847	0.74854034	0.047032492999999995	10	2.0863796344613203e-08	0.001953125	9.18007039162981e-07
c50	TE_HCC_tumor	spearman	0.7107316611920587	0.756909265599462	0.04617760440740334	10	4.548758559012507e-08	0.001953125	1.6375530812445026e-06
c50	TE_HCC_adjancent_normal	pearson	0.7136024510000001	0.7738400839999999	0.06023763299999999	10	1.475817534515911e-09	0.001953125	1.086560173180031e-07
c50	TE_HCC_adjancent_normal	spearman	0.7125428211729936	0.7737382829393868	0.06119546176639322	10	4.6376697585756996e-09	0.001953125	2.921731947902691e-07
c50	TE_HCT116	pearson	0.691282772	0.7643828559999999	0.07310008399999998	10	6.559946506685236e-08	0.001953125	2.094455293015337e-06
c50	TE_HCT116	spearman	0.683445873247339	0.7466983686268965	0.06325249537955743	10	3.112163646962831e-08	0.001953125	1.213743822315504e-06
c50	TE_HEK293	pearson	0.683972119	0.747884703	0.06391258400000002	10	1.4761796009364435e-08	0.001953125	7.380898004682217e-07
c50	TE_HEK293	spearman	0.6817870156522213	0.7389476853712755	0.05716066971905428	10	6.4001124420644756e-09	0.001953125	3.776066340818041e-07
c50	TE_HEK293T	pearson	0.7135507569999999	0.7672889190000001	0.05373816200000001	10	2.7571917603288447e-08	0.001953125	1.1304486217348264e-06
c50	TE_HEK293T	spearman	0.7157374428524539	0.7641031487920806	0.04836570593962667	10	1.3193822210301036e-08	0.001953125	6.464972883047508e-07
c50	TE_HMECs	pearson	0.8321481829999999	0.86005812	0.027909936999999996	10	7.565022125140933e-07	0.001953125	7.638520634092803e-06
c50	TE_HMECs	spearman	0.8424874674175167	0.8671969374996034	0.024709470082086626	10	8.031465321181922e-07	0.001953125	1.2047197981772884e-05
c50	TE_HSB2	pearson	0.604227659	0.629533822	0.025306163000000003	10	1.6957720293843156e-05	0.001953125	4.478603934628072e-05
c50	TE_HSB2	spearman	0.615789283192474	0.638825874392605	0.023036591200130997	10	3.2623858017828896e-06	0.001953125	2.2836700612480228e-05
c50	TE_HSPCs	pearson	0.600593467	0.692603724	0.09201025700000001	10	3.487372464104015e-07	0.001953125	4.882321449745621e-06
c50	TE_HSPCs	spearman	0.5837142014747352	0.6573686003268	0.07365439885206485	10	1.3281532975011038e-06	0.001953125	1.5880744397517908e-05
c50	TE_HeLa	pearson	0.7526215470000001	0.790070534	0.037448987000000024	10	1.5008011887315402e-07	0.001953125	3.1516824963362347e-06
c50	TE_HeLa	spearman	0.7541718701497035	0.7908047074652133	0.03663283731550977	10	2.0133456495618622e-07	0.001953125	3.825356734167538e-06
c50	TE_HeLa_S3	pearson	0.769082836	0.794997198	0.02591436199999998	10	1.7029443997114554e-07	0.001953125	3.2355943594517654e-06
c50	TE_HeLa_S3	spearman	0.7888129123710657	0.8147371615825911	0.02592424921152533	10	1.711472452250844e-07	0.001953125	3.422944904501688e-06
c50	TE_HepG2	pearson	0.48490088700000006	0.538073257	0.05317236999999999	10	3.782955126869918e-08	0.001953125	1.3618638456731706e-06
c50	TE_HepG2	spearman	0.4713799534796304	0.525614878903758	0.05423492542412771	10	6.246344455730152e-08	0.001953125	1.965359646215459e-06
c50	TE_Huh-7.5	pearson	0.6601887	0.69729484	0.037106139999999996	10	1.9586532574023093e-08	0.001953125	8.813939658310391e-07
c50	TE_Huh-7.5	spearman	0.6732622755523163	0.710540845375851	0.0372785698235347	10	1.439037663902821e-07	0.001953125	3.309786626976488e-06
c50	TE_Huh7	pearson	0.571689346	0.656259489	0.08457014300000001	10	2.270183411336965e-09	0.001953125	1.566426553822506e-07
c50	TE_Huh7	spearman	0.5802037118738614	0.6608121575161712	0.0806084456423097	10	1.585409091046055e-08	0.001953125	7.345566588902921e-07
c50	TE_K562	pearson	0.624929003	0.700446883	0.07551787999999997	10	5.133841707292801e-08	0.001953125	1.7455061804795524e-06
c50	TE_K562	spearman	0.624709854369262	0.6849917007749589	0.06028184640569698	10	4.8695079449058966e-08	0.001953125	1.6556327012680048e-06
c50	TE_Kidney_normal_tissue	pearson	0.548239557	0.680753647	0.13251408999999997	10	1.14308280437002e-08	0.001953125	5.944030582724104e-07
c50	TE_Kidney_normal_tissue	spearman	0.5447399209826365	0.6731202822238704	0.12838036124123403	10	1.8437182863671444e-08	0.001953125	7.92798863137872e-07
c50	TE_LCL	pearson	0.744902925	0.785706605	0.04080368000000002	10	1.7075704972447714e-08	0.001953125	8.196338386774903e-07
c50	TE_LCL	spearman	0.7391448396082351	0.7806305655332837	0.04148572592504859	10	2.3457962631312487e-08	0.001953125	9.852344305151244e-07
c50	TE_LuCaP-PDX	pearson	0.742954346	0.7812211760000001	0.03826682999999999	10	5.553303767744194e-09	0.001953125	3.387515298323958e-07
c50	TE_LuCaP-PDX	spearman	0.74649664938776	0.7839305180498342	0.037433868662074196	10	1.585798140546533e-08	0.001953125	7.345566588902921e-07
c50	TE_MCF10A	pearson	0.70504393	0.7608564689999999	0.055812538999999994	10	8.170430327587734e-09	0.001953125	4.6293436354250054e-07
c50	TE_MCF10A	spearman	0.7023071467424669	0.7640336699341718	0.06172652319170487	10	1.5983642569810664e-09	0.001953125	1.1508222650263679e-07
c50	TE_MCF10A-ER-Src	pearson	0.697097353	0.787906617	0.09080926399999999	10	2.643267659375692e-10	0.001953125	2.0353160977192826e-08
c50	TE_MCF10A-ER-Src	spearman	0.6985768089432777	0.7957603626053185	0.09718355366204076	10	5.126468128161629e-11	0.001953125	3.9473804586844545e-09
c50	TE_MCF7	pearson	0.70212555	0.769055906	0.06693035599999998	10	8.134727975984864e-08	0.001953125	2.2278558700214516e-06
c50	TE_MCF7	spearman	0.7020988602992546	0.7657245980907559	0.06362573779150138	10	1.0244815766785158e-07	0.001953125	2.5612039416962894e-06
c50	TE_MD55A3	pearson	0.6680142950000001	0.743729096	0.07571480100000001	10	3.801972236550823e-09	0.001953125	2.5473213984890514e-07
c50	TE_MD55A3	spearman	0.6690269201500614	0.7406838760659588	0.07165695591589746	10	9.808422948950176e-09	0.001953125	5.350973478501268e-07
c50	TE_MDA-MB-231	pearson	0.778499236	0.826246999	0.047747763	10	3.814963199037754e-09	0.001953125	2.5473213984890514e-07
c50	TE_MDA-MB-231	spearman	0.7909278213243012	0.8378842464422673	0.04695642511796612	10	8.800762565496266e-09	0.001953125	4.928427036677909e-07
c50	TE_MM1.S	pearson	0.776407651	0.814662306	0.03825465500000001	10	4.5638407397646025e-08	0.001953125	1.5973442589176109e-06
c50	TE_MM1.S	spearman	0.7850879229050154	0.8232602322816461	0.03817230937663071	10	6.552188075510651e-08	0.001953125	1.965359646215459e-06
c50	TE_MOLM-13	pearson	0.678409053	0.7230138509999999	0.044604798000000015	10	3.193427011711074e-08	0.001953125	1.2135022644502082e-06
c50	TE_MOLM-13	spearman	0.6816866923410886	0.7267273007531984	0.04504060841210983	10	7.959306963280964e-09	0.001953125	4.536804969070149e-07
c50	TE_Molt-3	pearson	0.703952316	0.7395417280000001	0.03558941200000001	10	5.227833551643056e-06	0.001953125	2.332808159517419e-05
c50	TE_Molt-3	spearman	0.7102530890734003	0.7446594100074606	0.03440632093406022	10	2.7479557141231872e-06	0.001953125	2.1983645712985498e-05
c50	TE_Mutu	pearson	0.439889505	0.653404354	0.21351484899999998	10	1.5548415821817058e-07	0.001953125	3.1516824963362347e-06
c50	TE_Mutu	spearman	0.43291939042919153	0.582653073087212	0.1497336826580205	10	3.9835791500144396e-07	0.001953125	6.772084555024548e-06
c50	TE_OSCC	pearson	0.776205982	0.811706272	0.03550029000000001	10	3.473762224988926e-09	0.001953125	2.3621583129924694e-07
c50	TE_OSCC	spearman	0.7754760703770667	0.808130171289309	0.03265410091224245	10	1.2124696259152384e-08	0.001953125	6.30484205475924e-07
c50	TE_PANC1	pearson	0.530588774	0.661457009	0.13086823500000003	10	9.682883813330294e-08	0.001953125	2.482676510852835e-06
c50	TE_PANC1	spearman	0.5207750926029047	0.6212833608149695	0.10050826821206486	10	3.583488633990189e-07	0.001953125	6.45027954118234e-06
c50	TE_PATU-8902	pearson	0.6868982530000001	0.72822427	0.04132601700000001	10	2.7645067769931283e-06	0.001953125	1.93515474389519e-05
c50	TE_PATU-8902	spearman	0.6819997337068655	0.726031242023316	0.044031508316450474	10	1.368812838086016e-06	0.001953125	1.5880744397517908e-05
c50	TE_PC3	pearson	0.720793864	0.736198813	0.015404949000000001	10	1.4928679782093573e-05	0.001953125	4.478603934628072e-05
c50	TE_PC3	spearman	0.7205396773534736	0.7339142049136134	0.013374527560139715	10	2.3228010194373495e-05	0.001953125	4.645602038874699e-05
c50	TE_PC9	pearson	0.739365629	0.789302712	0.04993708299999999	10	1.6502279316427416e-08	0.001953125	8.086116865049434e-07
c50	TE_PC9	spearman	0.7487316134931092	0.7891449883232903	0.04041337483018106	10	5.588249957994149e-08	0.001953125	1.8441224861380692e-06
c50	TE_Primary_CD4+_T-cells	pearson	0.645490703	0.71398523	0.06849452699999999	10	2.8412256584625047e-08	0.001953125	1.1364902633850019e-06
c50	TE_Primary_CD4+_T-cells	spearman	0.6301249945732257	0.6974626984732918	0.06733770390006608	10	3.79520065286916e-09	0.001953125	2.466880424364954e-07
c50	TE_Primary_human_bronchial_epithelial_cells	pearson	0.545217349	0.636159829	0.09094247999999998	10	5.576068115865236e-07	0.001953125	6.695563401388921e-06
c50	TE_Primary_human_bronchial_epithelial_cells	spearman	0.5354286979647764	0.6154140411446074	0.0799853431798311	10	1.5123436197009932e-07	0.001953125	3.309786626976488e-06
c50	TE_RD-CCL-136	pearson	0.650460395	0.6872144419999999	0.03675404699999998	10	5.9772499308930905e-09	0.001953125	3.586349958535854e-07
c50	TE_RD-CCL-136	spearman	0.6736339995179884	0.7045477785738157	0.030913779055827317	10	1.4723829995080752e-07	0.001953125	3.309786626976488e-06
c50	TE_RPE-1	pearson	0.6829022929999999	0.73325439	0.050352097	10	7.956628107219471e-08	0.001953125	2.2278558700214516e-06
c50	TE_RPE-1	spearman	0.6834921033966165	0.7295869674070685	0.0460948640104521	10	2.938212173448764e-08	0.001953125	1.1908166268997784e-06
c50	TE_SH-SY5Y	pearson	0.63959565	0.681957806	0.042362156	10	1.8252971192243758e-06	0.001953125	1.4602376953795006e-05
c50	TE_SH-SY5Y	spearman	0.6389833474833615	0.6804033449764801	0.0414199974931186	10	8.111721584594132e-08	0.001953125	2.1901648278404157e-06
c50	TE_SUM159PT	pearson	0.814126724	0.8328262710000001	0.018699547000000004	10	6.944109667357094e-07	0.001953125	7.638520634092803e-06
c50	TE_SUM159PT	spearman	0.8201639791258699	0.8365827683082433	0.01641878918237343	10	3.810686403878101e-06	0.001953125	2.2864118423268604e-05
c50	TE_SW480TetOnAPC	pearson	0.666291121	0.712080557	0.045789435999999996	10	8.566766070709579e-09	0.001953125	4.7117213388902684e-07
c50	TE_SW480TetOnAPC	spearman	0.6758234934220317	0.7197738952361726	0.043950401814140984	10	1.4340396067890243e-08	0.001953125	6.883390112587317e-07
c50	TE_T47D	pearson	0.804232406	0.8262113769999999	0.021978971000000003	10	2.991025566803971e-06	0.001953125	1.93515474389519e-05
c50	TE_T47D	spearman	0.8160180665600837	0.8358594592376882	0.019841392677604486	10	6.060196084457953e-06	0.001953125	2.4240784337831813e-05
c50	TE_THP-1	pearson	0.490909218	0.554204555	0.063295337	10	2.1736490401435788e-08	0.001953125	9.346690872617389e-07
c50	TE_THP-1	spearman	0.4923920395541737	0.5537453654994883	0.06135332594531452	10	1.271551361915847e-08	0.001953125	6.357756809579235e-07
c50	TE_U-251	pearson	0.681740153	0.7549286709999999	0.07318851800000001	10	3.925867155224024e-09	0.001953125	2.5518136508956157e-07
c50	TE_U-251	spearman	0.6963770404036169	0.7535496447382253	0.05717260433460837	10	4.097542890946522e-09	0.001953125	2.622427450205774e-07
c50	TE_U-343	pearson	0.693620588	0.765620266	0.07199967799999998	10	7.98162695762932e-09	0.001953125	4.6293436354250054e-07
c50	TE_U-343	spearman	0.6990988714823654	0.7600222814841209	0.06092341000175542	10	6.254690998695346e-09	0.001953125	3.7528145992172077e-07
c50	TE_U2392	pearson	0.49747295199999997	0.680720843	0.183247891	10	2.2451861919521727e-07	0.001953125	3.812144173804675e-06
c50	TE_U2392	spearman	0.4758077800962778	0.5953954248891705	0.11958764479289272	10	1.987499512554395e-06	0.001953125	1.7887495612989552e-05
c50	TE_U2OS	pearson	0.694792975	0.756560682	0.061767706999999984	10	2.2011458475104666e-08	0.001953125	9.346690872617389e-07
c50	TE_U2OS	spearman	0.6930939564084408	0.7525593224960014	0.05946536608756061	10	3.668510347932335e-09	0.001953125	2.421216829635341e-07
c50	TE_Vero_6	pearson	0.728869293	0.7777960349999999	0.048926742	10	4.011604157364559e-09	0.001953125	2.5674266607133176e-07
c50	TE_Vero_6	spearman	0.7333363355609774	0.7825184714574982	0.04918213589652083	10	1.786493633245421e-09	0.001953125	1.2684104796042488e-07
c50	TE_WI38	pearson	0.726152896	0.749189056	0.023036159999999983	10	6.001010126226233e-08	0.001953125	1.9803333416546566e-06
c50	TE_WI38	spearman	0.7358244583332925	0.7597846225196077	0.023960164186315212	10	9.705604904348922e-08	0.001953125	2.52345727513072e-06
c50	TE_WM902B	pearson	0.642963596	0.6731131610000001	0.030149565	10	4.665616319034838e-06	0.001953125	2.332808159517419e-05
c50	TE_WM902B	spearman	0.6427354598387682	0.6719728996205117	0.02923743978174338	10	6.072086185336961e-06	0.001953125	2.4240784337831813e-05
c50	TE_WTC-11	pearson	0.6395456129999999	0.685791293	0.04624568000000001	10	9.548755810972441e-08	0.001953125	2.482676510852835e-06
c50	TE_WTC-11	spearman	0.6541184691401724	0.6967284322758582	0.042609963135685824	10	4.140308575907128e-07	0.001953125	6.772084555024548e-06
c50	TE_ZR75-1	pearson	0.676627473	0.759821821	0.083194348	10	1.949554552349465e-09	0.001953125	1.3646881866446254e-07
c50	TE_ZR75-1	spearman	0.6823371997953688	0.7684101104958356	0.08607291070046687	10	1.2829184037624205e-09	0.001953125	9.365304347465669e-08
c50	TE_cardiac_fibroblasts	pearson	0.6721439140000001	0.7217464060000001	0.04960249200000001	10	1.1151503990820281e-07	0.001953125	2.6134372725811187e-06
c50	TE_cardiac_fibroblasts	spearman	0.6732961207958098	0.7237317778387655	0.05043565704295579	10	1.5628865082772173e-08	0.001953125	7.345566588902921e-07
c50	TE_ccRCC	pearson	0.647641264	0.7291831089999999	0.08154184499999999	10	4.699636970423841e-09	0.001953125	2.9137749216627814e-07
c50	TE_ccRCC	spearman	0.6489138066478034	0.7311648102555172	0.08225100360771369	10	2.9351414051321175e-09	0.001953125	2.0545989835924823e-07
c50	TE_early_neurons	pearson	0.6830926390000001	0.717083817	0.033991178	10	1.0889321969087994e-07	0.001953125	2.6134372725811187e-06
c50	TE_early_neurons	spearman	0.693946749279167	0.7265710342320982	0.03262428495293128	10	1.3233953664598256e-06	0.001953125	1.5880744397517908e-05
c50	TE_fibroblast	pearson	0.621887836	0.673957505	0.052069669000000006	10	1.4683245583513933e-09	0.001953125	1.086560173180031e-07
c50	TE_fibroblast	spearman	0.6348118355894583	0.6858271212517131	0.05101528566225483	10	5.920407734745611e-09	0.001953125	3.611448718194823e-07
c50	TE_hESC	pearson	0.664536357	0.714655407	0.05011904999999998	10	8.655134033880774e-09	0.001953125	4.7117213388902684e-07
c50	TE_hESC	spearman	0.6685402654570145	0.7193357060852819	0.05079544062826723	10	1.2177091177045657e-08	0.001953125	6.30484205475924e-07
c50	TE_human_brain_tumor	pearson	0.597534054	0.656536036	0.059001981999999994	10	1.8397463386764324e-08	0.001953125	8.646807791779232e-07
c50	TE_human_brain_tumor	spearman	0.6164051720420742	0.680258083073525	0.06385291103145074	10	3.293057078566081e-09	0.001953125	2.272209384210596e-07
c50	TE_iPSC-differentiated_dopamine_neurons	pearson	0.596550766	0.658486964	0.06193619800000002	10	6.545172790672929e-08	0.001953125	2.094455293015337e-06
c50	TE_iPSC-differentiated_dopamine_neurons	spearman	0.5974747625925789	0.6658645264530322	0.06838976386045331	10	6.260614905315456e-08	0.001953125	1.965359646215459e-06
c50	TE_megakaryocytes	pearson	0.703481946	0.758912501	0.05543055499999998	10	1.1494750705449032e-08	0.001953125	5.944030582724104e-07
c50	TE_megakaryocytes	spearman	0.6993997064958749	0.7597390448078278	0.06033933831195296	10	9.729042688184125e-09	0.001953125	5.350973478501268e-07
c50	TE_muscle_tissue	pearson	0.475472397	0.5467496190000001	0.071277222	10	3.613572800906649e-10	0.001953125	2.7463153286890534e-08
c50	TE_muscle_tissue	spearman	0.49651611999271383	0.5681703587467005	0.07165423875398672	10	3.236353345880438e-10	0.001953125	2.459628542869133e-08
c50	TE_neuronal_precursor_cells	pearson	0.6953183039999999	0.7228785959999999	0.02756029200000003	10	5.150433385683785e-07	0.001953125	6.695563401388921e-06
c50	TE_neuronal_precursor_cells	spearman	0.7058189720440092	0.7319416567876348	0.026122684743625547	10	1.0262072643386314e-06	0.001953125	1.3841040557970348e-05
c50	TE_neurons	pearson	0.715238261	0.740353788	0.02511552699999999	10	7.681272539922353e-07	0.001953125	7.638520634092803e-06
c50	TE_neurons	spearman	0.7221721540455537	0.746247915459918	0.02407576141436424	10	4.031802744071365e-06	0.001953125	2.2864118423268604e-05
c50	TE_normal_brain_tissue	pearson	0.591177505	0.630479902	0.03930239700000001	10	2.847628054267149e-07	0.001953125	4.271442081400724e-06
c50	TE_normal_brain_tissue	spearman	0.6006402309147048	0.6460527626506477	0.045412531735942965	10	4.83003571056493e-09	0.001953125	2.994622140550257e-07
c50	TE_normal_prostate	pearson	0.743855334	0.8064148360000001	0.062559502	10	1.801231408237385e-09	0.001953125	1.2788742998485435e-07
c50	TE_normal_prostate	spearman	0.7502384410484394	0.8077917455529002	0.05755330450446081	10	3.3706010835975646e-09	0.001953125	2.292008736846344e-07
c50	TE_primary_macrophages	pearson	0.382582879	0.571493184	0.188910305	10	6.895551680779322e-08	0.001953125	2.094455293015337e-06
c50	TE_primary_macrophages	spearman	0.45472926335309116	0.6164393955647974	0.16171013221170627	10	3.3204484534835184e-08	0.001953125	1.261770412323737e-06
c50	TE_skeletal_muscle	pearson	0.5292229620000001	0.5716737249999999	0.042450762999999975	10	1.689990892396358e-05	0.001953125	4.478603934628072e-05
c50	TE_skeletal_muscle	spearman	0.5255545942901649	0.5737044538829686	0.04814985959280377	10	5.615996393653244e-05	0.001953125	5.615996393653244e-05
