threshold	seed	n_clusters	n_train	n_validation	n_test	target_train	target_validation	target_test	clusters_crossing_splits
c90	0	9843	5955	1985	1986	5955	1985	1986	0
c90	1	9843	5955	1985	1986	5955	1985	1986	0
c90	2	9843	5955	1985	1986	5955	1985	1986	0
c90	3	9843	5955	1985	1986	5955	1985	1986	0
c90	4	9843	5955	1985	1986	5955	1985	1986	0
c90	5	9843	5955	1985	1986	5955	1985	1986	0
c90	6	9843	5955	1985	1986	5955	1985	1986	0
c90	7	9843	5955	1985	1986	5955	1985	1986	0
c90	8	9843	5955	1985	1986	5955	1985	1986	0
c90	9	9843	5955	1985	1986	5955	1985	1986	0
c70	0	9502	5955	1985	1986	5955	1985	1986	0
c70	1	9502	5955	1985	1986	5955	1985	1986	0
c70	2	9502	5955	1985	1986	5955	1985	1986	0
c70	3	9502	5955	1985	1986	5955	1985	1986	0
c70	4	9502	5955	1985	1986	5955	1985	1986	0
c70	5	9502	5955	1985	1986	5955	1985	1986	0
c70	6	9502	5955	1985	1986	5955	1985	1986	0
c70	7	9502	5955	1985	1986	5955	1985	1986	0
c70	8	9502	5955	1985	1986	5955	1985	1986	0
c70	9	9502	5954	1985	1987	5955	1985	1986	0
c50	0	8624	5955	1985	1986	5955	1985	1986	0
c50	1	8624	5955	1985	1986	5955	1985	1986	0
c50	2	8624	5955	1985	1986	5955	1985	1986	0
c50	3	8624	5953	1988	1985	5955	1985	1986	0
c50	4	8624	5955	1985	1986	5955	1985	1986	0
c50	5	8624	5954	1985	1987	5955	1985	1986	0
c50	6	8624	5955	1985	1986	5955	1985	1986	0
c50	7	8624	5955	1985	1986	5955	1985	1986	0
c50	8	8624	5955	1985	1986	5955	1985	1986	0
c50	9	8624	5955	1985	1986	5955	1985	1986	0
