threshold	condition	n_seeds	pearson_mean	pearson_sd	spearman_mean	spearman_sd
c90	mrna_only	10	0.6664344826794871	0.010967757117870977	0.6671374439388276	0.011270639766243587
c90	mrna_t5u	10	0.723498126551282	0.009859068444418747	0.720551931329585	0.010618106538283986
c90	mrna_random_t5u	10	0.6839714673846153	0.011730160894857913	0.6840535845926247	0.010896185590412083
c90	t5u_only	10	0.667178872923077	0.009235784356895852	0.6596719419005982	0.008860537304883544
c90	random_t5u_only	10	0.559756495	0.014817802254588697	0.5578969729088996	0.012071668841399449
c70	mrna_only	10	0.6707758073333333	0.010928938076966271	0.6719826731980187	0.009166131234592529
c70	mrna_t5u	10	0.726090803525641	0.008358106798057121	0.724061603865963	0.008415645060300821
c70	mrna_random_t5u	10	0.6881070676923077	0.00789672201771615	0.6886065605997529	0.007840712653729636
c70	t5u_only	10	0.6663057237051282	0.009792129739018232	0.6581995248066537	0.008497146492375911
c70	random_t5u_only	10	0.5634791344615385	0.011110868779601943	0.5616752550285581	0.008664089998538111
c50	mrna_only	10	0.6675946805769231	0.007237371113539805	0.6700624986306958	0.007244958802583166
c50	mrna_t5u	10	0.7252250889871795	0.005446028536939131	0.7238540461163252	0.0054451524636967745
c50	mrna_random_t5u	10	0.684683720525641	0.0038546734058552664	0.6863148622292986	0.005341679271153537
c50	t5u_only	10	0.6693555810897436	0.007152576730350456	0.6630024499136841	0.0065341176695617245
c50	random_t5u_only	10	0.5617804887820512	0.006042693792337618	0.5630273917010788	0.006784716703771607
