threshold	condition	n_seeds	pearson_mean	pearson_sd	spearman_mean	spearman_sd
c90	mrna_only	10	0.6558414870897435	0.010829986221749069	0.6586568211644858	0.012038636995295173
c90	mrna_t5u	10	0.7200339638717949	0.0086666936609387	0.7177860634912461	0.009828003948084875
c90	mrna_shuffled_t5u	10	0.677508122025641	0.009896434678879844	0.678189175129876	0.010193002419296455
c90	t5u_only	10	0.6598863267435897	0.009758549052692298	0.653157928848705	0.009405377009391078
c90	shuffled_t5u_only	10	0.5819478579358974	0.012641121134653316	0.5782997562411434	0.011275577473087287
c70	mrna_only	10	0.6621771787692308	0.011425693369809357	0.665521027528432	0.010363554015721308
c70	mrna_t5u	10	0.7222980645897435	0.008557811159744315	0.7210007935616981	0.007579247553140545
c70	mrna_shuffled_t5u	10	0.6820956725897436	0.009074808645920963	0.6831895333904792	0.008586600913185392
c70	t5u_only	10	0.6596092891794872	0.010106669895680745	0.6526038567905874	0.008680682466420139
c70	shuffled_t5u_only	10	0.5842862362692307	0.011281109137118626	0.5817288263642734	0.009931796693629326
c50	mrna_only	10	0.6586145174871795	0.008536417540129852	0.6623008900463392	0.008312730952908071
c50	mrna_t5u	10	0.7231454635128205	0.0053266896355906755	0.7222965096373136	0.004869841755261796
c50	mrna_shuffled_t5u	10	0.6803271700769231	0.006950121240365834	0.6822990858034672	0.007826817212980255
c50	t5u_only	10	0.6635998618717949	0.007022296167203566	0.6578254290867638	0.006230971428902269
c50	shuffled_t5u_only	10	0.583911143076923	0.007383624319237658	0.582805637146498	0.006359874112623897
